Rank,Company,Signal,Category,Severity,Status,Source,Date,Evidence,A&M_Service_Line,Confidence
1,V-Guard Industries,Sunflame integration execution delays impacting margin recovery,Operational Integration,Critical,Ongoing,Q3 FY26 Earnings Call,2026-01-29,"CSD channel weakness, product refresh 18-month timeline with delays, e-commerce channel requiring separate stabilization (3-6 months). Current EBIT margin 3-7% vs 12% target in 2-3 years",Turnaround,Verified
2,V-Guard Industries,South India concentration limiting growth potential,Geographic Concentration,Critical,Ongoing,Investor Presentations,2026-02-28,"South market contributed 51.6% of H1 FY26 revenue with only 0.8% YoY growth; stabilizer market (core South strength) facing structural decline due to grid reliability improvements",PEPI,Verified
3,V-Guard Industries,Stabilizer market structural decline undermining core category growth,Market Dynamics,Critical,Ongoing,MD Commentary Q1-Q3,2026-01-29,"AC Stabilizer (50-55% of market) facing headwind; grid reliability improvements reducing stabilizer relevance; management expects continued pressure and diversification critical",Strategic Planning,Verified
4,V-Guard Industries,Gross margin vulnerability to copper price volatility,Cost Management,High,Ongoing,Q3 FY26 Presentation,2025-12-31,"House Wires business faces 20-30% price increase requirement from copper inflation; volume impact potential if pricing too aggressive; 40-50% of HWC cost is copper",Turnaround,Verified
5,V-Guard Industries,Labour code implementation increasing fixed costs,Cost Structure,High,Completed,Q3 FY26 Earnings Call,2026-01-29,"₹22.11 Cr one-time charge in Q3 FY26 for gratuity and leave encashment; ongoing labour costs incrementally higher post-implementation (estimated 0.2-0.5% of revenue annually)",Turnaround,Verified
6,V-Guard Industries,Revenue growth deceleration in FY26 vs historical guidance,Growth Trajectory,High,Ongoing,Investor Presentations,2026-02-28,"9M FY26 revenue growth only 4.2% YoY vs earlier 14-15% FY26 guidance withdrawn; Q1 showed 0.7% decline; weak summer season and GST transition cited",PEPI,Verified
7,V-Guard Industries,Profitability margin compression in 9M FY26 vs prior year,Profitability,High,Ongoing,Financial Results,2026-01-29,"9M FY26 EBITDA margin 8.5% vs 9.2% in 9M FY25 (-70 bps); PAT margin 4.7% vs 5.5% prior year (-80 bps); labour code charge and operational deleverage cited",PEPI,Verified
8,V-Guard Industries,Weak Consumer Durables segment performance impacting profitability,Segment Performance,High,Ongoing,Q2-Q3 FY26 Results,2025-12-31,"Consumer Durables revenue 9M FY26 down 7.9% YoY; segment margin only 1-4%; Fans heavily weather-dependent; Air Coolers segment (~₹140 Cr) hit hard by summer weakness",CDD,Verified
9,V-Guard Industries,Competitive intensity increasing in core categories,Competitive Dynamics,High,Ongoing,MD Commentary & Market Overview,2026-01-29,"Water Heaters: 20-30 entrants; Wires: Polycab and Finolex larger; Fans: Havells and Crompton expanding; private label (Amazon Basics, Flipkart) disrupting commodity segments",PEPI,Verified
10,V-Guard Industries,GST audit demands totaling ₹40+ Cr creating financial uncertainty,Regulatory Risk,High,Ongoing,SEBI Filings,2026-02-28,"Haldwani: ₹17.76 Cr; Gurgaon: ₹77.20 Cr; Gangtok: ₹20.70 Cr (dropped); Others: ₹1-2 Cr each. Company challenging based on 'strong grounds' but outcome uncertain",Transaction Advisory,Verified
11,V-Guard Industries,CSD channel weakness for Sunflame kitchen appliances,Distribution,High,Ongoing,Q2-Q3 FY26 Calls,2025-12-31,"Canteen Stores Department (CSD) showing weakness due to budget constraints; Sunflame shifting focus to GT (General Trade) and MT (Modern Trade); noted as 'challenge'",CDD,Verified
12,V-Guard Industries,Product portfolio refresh delays impacting competitiveness,Product Innovation,High,Ongoing,Q1 FY26 Earnings Call,2025-07-30,"Sunflame kitchen appliances product refresh 18-month timeline; delays noted in Q1 call; e-commerce channel refresh requiring 3-6 months stabilization",Turnaround,Verified
13,V-Guard Industries,Pan-India expansion facing competitive barriers in non-South markets,Market Expansion,High,Ongoing,MD Commentary,2026-01-29,"Non-South markets contribution increasing but growth (2.8% YoY in Q2) lag South (4.3%); Havells, Crompton, Bajaj stronger in non-South; V-Guard facing customer reach constraints",PEPI,Verified
14,V-Guard Industries,Manufacturing capacity utilization lower than industry standard,Operations,High,Ongoing,MD Commentary & Capex Plans,2026-01-29,"Current in-house manufacturing at 40-50% of sales; target 70-80% over 2 years; implies current excess capacity or outsourcing bias; capex plan (₹100 Cr Fan factory) to improve",Turnaround,Verified
15,V-Guard Industries,Working capital intensity increasing with revenue expansion,Cash Flow,High,Ongoing,Balance Sheet Metrics,2025-12-31,"Working capital turnover 53 days (9/30/25) though improved from 68 days (6/30/25); inventory 97 days, debtor 23 days, creditor 67 days - typical for distributor model",Turnaround,Verified
16,V-Guard Industries,BLDC fan market share shift creating pricing pressure,Product Category,High,Ongoing,Q3 FY26 Call & Market Overview,2026-01-29,"BLDC fans gaining share; induction motors declining; BEE norms driving transition; V-Guard management expects 'steady increasing' BLDC adoption but 'not 100%' migration; margin pressure in transition",PEPI,Verified
17,V-Guard Industries,Sunflame margin target ambitious requiring significant operational improvements,Integration Risk,Medium,Ongoing,Q1-Q3 FY26 Calls,2026-01-29,"12% EBIT margin target in 2-3 years requires 400-500 bps improvement from 3-7% current; needs CSD stabilization, product refresh completion, cost synergies, and sales scaling",Turnaround,Verified
18,V-Guard Industries,Private label competition disrupting traditional appliance distribution,Competitive Threat,Medium,Ongoing,MD Commentary,2026-01-29,"Amazon Basics, Flipkart Smart Furnish gaining share in fans, coolers, commodity segments; traditional brands facing margin pressure; differentiation through design and features critical",PEPI,Verified
19,V-Guard Industries,Employee cost inflation from ESOS grants impacting bottom line,Cost Structure,Medium,Ongoing,ESOS Allotments,2025-12-31,"Multiple ESOS grants issued in FY26 (213K, 345K, 78K options); dilution to EPS but long-term talent retention benefit; annual ESOS dilution ~1-2% of share capital",Turnaround,Verified
20,V-Guard Industries,Water Heater category attracting 20-30 new entrants eroding margins,Market Dynamics,Medium,Ongoing,MD Commentary,2025-10-30,"Water Heaters market (₹3-4 Cr) seeing intense competition from new entrants; V-Guard 14-16% share but margin pressure evident; differentiation through premium positioning (Luxecube) in progress",PEPI,Verified
21,V-Guard Industries,Gegadyne battery technology investment execution uncertain,Strategic Investment,Medium,Ongoing,Q3 FY26 Call,2026-01-29,"V-Guard invested in Gegadyne for battery storage opportunity; technology in commercialization phase; only small-quantity supplies starting (proof of concept); timeline uncertain; market viability unproven",Transaction Advisory,Inferred
22,V-Guard Industries,E-commerce channel development lagging vs competitors,Digital Strategy,Medium,Ongoing,Q1 FY26 Call & Sunflame Commentary,2026-01-29,"Sunflame e-commerce channel refresh ongoing (3-6 month timeline); direct-to-consumer initiatives limited; competitors (Havells, Bajaj, Crompton) have more mature e-commerce platforms",PEPI,Verified
23,V-Guard Industries,Sunflame brand positioning decision still pending,Brand Strategy,Medium,Pending,Q1 FY26 & Q3 FY26 Calls,2026-01-29,"Management evaluating 'point of view' on Sunflame brand positioning; possibility of rebranding as 'Sunflame by V-Guard' or sub-brand still under discussion; no final decision communicated",Transaction Advisory,Verified
24,V-Guard Industries,Capacity additions timeline (18-24 months) creating execution risk,Capex Execution,Medium,Ongoing,Board Approvals,2026-01-29,"Fan manufacturing facility (Hyderabad): 18-month timeline from Jan 2025 approval (expected Q3 FY27); Battery Phase 2: 24-month timeline (expected Q1 FY28); delays could impact margin targets",Turnaround,Verified
25,V-Guard Industries,Sunflame CSD channel integration into GT/MT channels incomplete,Channel Management,Medium,Ongoing,Q2-Q3 FY26 Calls,2025-12-31,"CSD channel weakness forcing shift to GT and MT channels; integration of Sunflame distribution into V-Guard network still in early stages; sales integration timeline unclear",CDD,Verified
26,V-Guard Industries,Raw material commodity exposure creating EBITDA volatility,Cost Volatility,Medium,Ongoing,MD Commentary,2026-01-29,"Copper (Wires), Aluminium (Fans), Steel (Switches) exposure; recent copper spike requiring 20-30% price increases; volume impact uncertainty; margin bridge dependent on cost management",Turnaround,Verified
27,V-Guard Industries,Seasonality in core product categories limiting growth consistency,Seasonality,Medium,Ongoing,Q1-Q3 Performance & MD Commentary,2026-01-29,"60-70% of CD segment sales seasonal (Fans Q1-Q3; Water Heaters Q4-Q1); Weather dependency high (monsoons weak Q1 FY26, summer weakness); visibility limited",PEPI,Verified
28,V-Guard Industries,Regional distributor complexity managing 1500+ branches,Operations,Medium,Ongoing,Management Commentary,2026-01-29,"Distribution network deep but complex; managing 1,500+ branches across diverse geographies, regulatory environments, and customer types; integration of Sunflame into network ongoing",Turnaround,Verified
29,V-Guard Industries,New category expansion (Lighting, Solar Pumps) requiring different GTM models,Strategy Risk,Medium,Pending,Q1-Q3 FY26 Calls,2026-01-29,"Lighting market ₹lakh crore; Solar Pumps government tender-based; both require different sales models vs traditional retail; execution capability unclear",Strategic Planning,Inferred
30,V-Guard Industries,Gegadyne battery storage market commercialization uncertain,Market Risk,Medium,Pending,Q3 FY26 Call,2026-01-29,"Battery storage market emerging (₹1,000-2,000 Cr addressable by 2030); technology from Gegadyne not yet proven at commercial scale; competition from Exide, Luminous, Chinese entrants",Strategic Planning,Inferred
31,V-Guard Industries,Modular Switches market entry recent with limited track record,Market Entry Risk,Medium,In Progress,Market Overview & MD Commentary,2026-01-29,"Modular Switches recent entry into ₹7,000-9,000 Cr market; V-Guard market share not disclosed but indicated as '**' (minimal); Anchor, Legrand, Havells established; learning curve evident",PEPI,Inferred
32,V-Guard Industries,Pump business flat due to monsoon impact limiting growth,Segment Performance,Low-Medium,Seasonal,Q2-Q3 FY26 Results,2025-12-31,"Pump business flat in Q2 FY26; noted as weak due to strong monsoons and reduced water table drawdown; seasonal recovery expected in Q4 but visibility limited",PEPI,Verified
33,V-Guard Industries,Lighting category expansion facing value-growth tradeoff,Strategic Challenge,Low-Medium,Planned,Q1 FY26 Call,2026-01-29,"Lighting largest sub-segment in Electricals (₹lakh crore market) but experiencing value decline; V-Guard entry planned but management acknowledges 'sub-segments within Lighting are growing' - requires selective focus",Strategic Planning,Verified
34,V-Guard Industries,Air Cooler category (~₹140 Cr) showing signs of structural weakness,Category Health,Low-Medium,Monitoring,MD Commentary & Market Overview,2026-01-29,"Air Coolers segment (₹6,500-8,000 Cr market) showing decline in Q1 FY26 due to weak summer; market growing 11-12% CAGR but V-Guard facing seasonal headwinds",PEPI,Verified
35,V-Guard Industries,Kitchen appliances category consolidation trend favoring larger players,Market Trend,Low-Medium,Ongoing,Market Overview & Strategic Context,2026-02-28,"Kitchen appliances market consolidating around branded players (Prestige, Bajaj, Butterfly, Preethi); unorganized players being displaced; Sunflame integration critical to compete at scale",Strategic Planning,Verified
36,V-Guard Industries,ROIC by segment not disclosed limiting investment decision quality,Data Gap,Low-Medium,Ongoing,Investor Communications,2026-02-28,"Company discloses segment revenue and margin but not capital employed by segment; cannot calculate ROIC by product category; investment prioritization less rigorous",PEPI,Inferred
37,V-Guard Industries,Customer concentration risk not disclosed potentially hiding channel concentration,Risk Factor,Low-Medium,Unknown,Annual Reports & Investor Presentations,2026-02-28,"No disclosure of top 10 customers or channel concentration; assuming distributed base but not verified; risk of major retailer failure not assessed",CDD,Inferred
38,V-Guard Industries,Related Party Transaction compliance ongoing monitoring required,Governance,Low-Medium,Ongoing,SEBI Filings & Board Disclosures,2026-02-28,"Sunflame subsidiary pre-acquisition demand notices (Haryana, West Bengal) totaling ₹45+ Cr; subsidiary absorbed under representations & warranties; internal RPTs being regularized",Transaction Advisory,Verified
39,V-Guard Industries,Board director tenure transitions creating potential governance gaps,Governance,Low-Medium,Pending,Board Announcements,2025-12-31,"Founder Kochouseph Chittilappilly stepping down as Chairman (transitioning to Chairman Emeritus); succession planning and governance framework during transition unclear",Transaction Advisory,Verified
40,V-Guard Industries,Share dilution from continuous ESOS grants impacting EPS,Capital Allocation,Low-Medium,Ongoing,ESOS Allotments,2025-12-31,"₹1-2 Cr shares/options issued annually under ESOS 2013; long-term employee retention benefit but EPS dilution of 1-2% annually; accumulation over 5 years material",PEPI,Verified
41,V-Guard Industries,Dividend payout (₹1.50 per share FY25) may constrain capex flexibility,Capital Allocation,Low-Medium,Ongoing,Board Approvals & Financial Statements,2026-02-28,"150% dividend payout in FY25 (₹1.50 per share); consistent policy signals but capex funding dependent on operating cash flow; potential constraint if growth capex accelerates",Transaction Advisory,Verified
42,V-Guard Industries,Tax rate volatility from one-time items masking normalized profitability,Financial Reporting,Low,Ongoing,P&L Statements,2026-01-29,"Q1 FY26: 26.2%; Q2: 23.3%; Q3: 26.2%; volatility from labour code exceptional item; normalized rate ~24-25% but visibility limited from quarterly disclosures",PEPI,Verified
43,V-Guard Industries,Sunflame Vapi facility (Gujarat) geography concentration in western region,Operational Risk,Low,Ongoing,Manufacturing Footprint,2026-02-28,"Sunflame key manufacturing facility in Vapi (Gujarat) for kitchen appliances; geographic concentration in western region; supply chain resilience through diversified locations being leveraged",Turnaround,Verified
44,V-Guard Industries,Product SKU count (4,000+) creating inventory management complexity,Operations,Low,Ongoing,MD Commentary,2026-01-29,"V-Guard carries 4,000+ SKUs across product portfolio; differentiation vs private label but inventory complexity and SKU profitability tracking required",Turnaround,Verified
45,V-Guard Industries,Solar Inverter market import dependence for small units limiting value capture,Supply Chain,Low,Ongoing,MD Commentary & Market Analysis,2026-01-29,"Solar Inverters <5KVA: ~99% imported due to technology gap; large Solar Inverters made in India; V-Guard dependent on imports for small unit segment, limiting margin capture",Strategic Planning,Verified
46,V-Guard Industries,Pricing power constraints in commodity categories (Pumps) limiting margin growth,Pricing Strategy,Low,Ongoing,MD Commentary on Pump Category,2026-01-29,"Pumps category facing commodity pricing dynamics (Crompton, Kirloskar, Texmo larger); limited pricing power; V-Guard 9-12% share in ₹5-6 Cr market but margin leverage limited",PEPI,Verified
47,V-Guard Industries,Distribution channel profitability not disclosed creating blind spot,Channel Economics,Low,Unknown,Investor Communications,2026-02-28,"Company does not disclose retailer/distributor profitability metrics; unclear if channel partners are profitable selling V-Guard; potential retention risk if margins compressed",CDD,Inferred
48,V-Guard Industries,Annual capex estimate (₹40-45 Cr ongoing vs ₹120-130 Cr FY26-27) creates guidance uncertainty,Capex Planning,Low,Ongoing,Board & Management Commentary,2026-02-28,"FY26-27 capex ₹120-130 Cr is exceptional (Fan & Battery facilities); steady-state capex likely ₹40-45 Cr; sustainability of margin targets dependent on capex discipline post-expansion",Turnaround,Verified
49,V-Guard Industries,Unseasonal rain impact on Fans and Cooling products persisting into FY26,Macro Risk,Low,Ongoing,MD Commentary Q1-Q3,2026-01-29,"Weak summer Q1 FY26 due to unseasonal monsoons; strong monsoon Q3 (highest in 15 years per MD); weather pattern volatility creating guidance uncertainty for seasonal categories",PEPI,Verified
50,V-Guard Industries,ESG rating improvements (76.2 from 72.0) indicating sustainability progress,ESG,Low,Positive,SES ESG Research & CRISIL,2025-12-31,"FY25 ESG rating 76.2 (up from 72.0 FY24); CRISIL ESG 'Strong' category with 63 score (up from 62); improvements in emissions, energy, safety parameters noted",Governance,Verified
51,V-Guard Industries,Management continuity with MD reappointment supporting strategic execution,Leadership,Low,Positive,Board Announcements,2026-01-29,"Mithun K Chittilappilly (MD) reappointed for 5 years from Apr 1, 2026; continuity in strategic direction and execution expected; founder transition managed",Governance,Verified
52,V-Guard Industries,Debt-free status post-Sunflame acquisition improving financial flexibility,Financial Strength,Low,Positive,Balance Sheet & MD Commentary,2026-01-29,"Pre-closed term loan for Sunflame in May 2025; achieved debt-free status with ₹293.68 Cr net cash (Dec 2025); financial flexibility for investment and shareholder returns",PEPI,Verified
53,V-Guard Industries,Strong cash flow generation (₹457.44 Cr 9M FY26) supporting capex & dividends,Cash Management,Low,Positive,CFO Statement,2026-01-29,"9M FY26 CFO ₹457.44 Cr (vs ₹402.95 Cr 9M FY25); strong cash generation supporting ₹120-130 Cr capex and dividend payouts; working capital management effective",Turnaround,Verified
54,V-Guard Industries,Backward integration into Electronics and Batteries improving margin profile,Strategic Progress,Low,Positive,MD Commentary & Product Performance,2026-01-29,"Inverter Battery business showing strong growth and improving margins; in-house battery manufacturing expanding (Phase 2 capex); reduces commodity exposure and improves ROIC",Strategic Planning,Verified
55,V-Guard Industries,Electricals segment momentum (6% growth) offsetting Consumer Durables weakness,Performance,Low,Positive,Q3 FY26 Results,2026-01-29,"Electricals 6% YoY growth in 9M FY26 despite challenging environment; Wires gaining share; Switches emerging category; segment margin improving through operational leverage",PEPI,Verified
