Rank,Indicator,Signal,Status,Time Period,Severity Level,Severity Rationale,Evidence (Verbatim),Source Document,Line Reference
1,Operational Intelligence,"Progressive margin guidance downgrade from 9-9.5% to 7-7.5% across FY26 — four downgrades in one year",negative,FY26,"Critical","Four consecutive margin guidance downgrades indicate management's inability to forecast margins, suggesting inadequate cost visibility and structural earnings pressure — a classic PEPI diagnostic trigger","Margin guidance: 9-9.5% initially, then 8.5-9%, then 8%, now 7-7.5% | UCP margin aspiration 8-8.5%, now may be 7-8% in summer-impacted year",Q1/Q2 FY26 Earnings Transcripts,Section 2
2,Operational Intelligence,"Order inflow serious caution — enquiry inflows lower and order finalizations taking longer",negative,Q2 FY26,"Critical","MD's explicit warning of serious caution on the project pipeline — the segment that was supposed to weather-proof the business. If EMP decelerates alongside UCP weakness, the entire growth thesis unravels","Not a slight caution, it is a serious caution — enquiry inflows lower, order finalizations taking time, infra projects taking longer",Q2 FY26 Earnings Transcript,Section 2
3,Cost Structure — Direct vs Indirect,"PAT declined 25.1% over 9M FY26 despite 4.8% revenue growth — severe operating deleverage",negative,9M FY26,"Critical","Revenue growing while profits collapse is the textbook signature of a high fixed cost base meeting demand weakness — precisely the scenario that justifies A&M cost structure diagnostic","9M FY26: Revenue Rs 8,329 Cr (+4.8%); PAT Rs 301 Cr (-25.1%) | Loss of operating leverage from volume decline, fixed cost absorption",Sovrenn MD / Q1 FY26 Transcript,Section 5a
4,Employee Cost,"Senior leadership churn — 4 key positions changed in 12 months (GP Manufacturing, ED, GP UCP, Group CTO)",structural_risk,FY26,"Critical","Simultaneous departure of manufacturing head, executive director, consumer products head, and CTO during a challenging year signals organizational instability and creates execution risk during a period requiring operational discipline","Venkata Rao Ponnada — ED resigned | Mohit Sud — appointed GP UCP | Sanjeev Agrawal — appointed Group CTO | Senthil Balasubramanian — GP Manufacturing resigned | Manish Jha — replaced",Sovrenn MD,Section 5c
5,Commodity Dependency,"Compressors, copper tubes, and inverter drives all sourced from China with no near-term manufacturing plan",structural_risk,Ongoing,"High","The three highest-value components in an AC unit are imported from a single-country source — structural supply chain and geopolitical risk with no medium-term resolution plan despite management confirmation they will not manufacture compressors","Sourcing risk: Compressors, copper tubes, inverter drives from China | Not manufacturing compressors at current scale | Supplier diversification, long-term procurement agreements, validation of alternative materials, strategic inventory planning",Annual Report FY25 / Q1 FY26 Transcript,Section 5b / Section 7
6,Capacity Utilization,"Excess channel inventory of 30 days requiring liquidation before BEE transition deadline",negative,Q2 FY26,"High","30 days excess inventory signals overproduction or demand forecasting failure; forced liquidation before BEE label change (Jan 1, 2026) likely requires margin-dilutive promotional pricing","Inventory 60-65 days combined (brand + channel), 30 days excess | BEE label change Jan 1: 7-10% price increase expected, channel inventory liquidation needed before Dec 31",Q2 FY26 Earnings Transcript,Section 3
7,Gross Margin — Sales Schemes,"Marketing spend discipline failure — pre-season advertising investment that didn't yield returns",negative,FY26,"High","Management's admission of marketing spend mistakes indicates process gaps in cost management and forecasting; this is a controllable cost that was mismanaged, suggesting broader cost discipline issues","Next time I will be very clear and I may not go ahead and incur the expenditure in advance — on advertising spend",Q2 FY26 Earnings Transcript,Section 6b
8,Industry vs Company Growth,"Segment II (UCP) revenue declined 13.3% in Q1 and 9.5% in Q2 FY26 — double-digit consumer segment decline",negative,H1 FY26,"High","The consumer-facing segment, historically the growth engine, is in double-digit decline driven by weak summer. While the company outperformed industry, the absolute decline exposes weather dependency","Q1 FY26: Segment II Rs 1,499 Cr (-13.3%) | Q2 FY26: Segment II Rs 694 Cr (-9.5%), margin 6.2%",Q1/Q2 FY26 Earnings Transcripts,Section 1
9,Cost Structure — Direct vs Indirect,"Net cash position shifted to net borrowing — balance sheet deterioration",negative,H1 FY26,"High","Moving from Rs 640 Cr net cash (FY25) to net borrowing indicates working capital deterioration, potentially from inventory build and delayed receivables — a cash management signal requiring attention","Cash flow discussion: Net borrowing position now (was net cash before), working capital levels up, capex continues",Q2 FY26 Earnings Transcript,Section 5a
10,Strategic Signals — Key Risks,"Cybersecurity incident disclosed in February 2026",structural_risk,Feb 2026,"High","Cybersecurity breach at a listed company raises governance questions — especially when the company invested in network architecture upgrades, dark web monitoring, and attack surface management per the Annual Report. The timing during a challenging year adds reputational risk","Blue Star disclosed cybersecurity incident; stated limited impact; engaged external experts | Blue Star enhanced cyber security posture through strategic measures including network architecture upgrades, dark web monitoring, attack surface management",Sovrenn MD / Annual Report FY25,Section 5d / Strategic Signals
11,Revenue Management,"Segment III revenue declined 20.1% in Q2 FY26 — diversification pillar shrinking",negative,Q2 FY26,"High","The Professional Electronics & Industrial Systems segment, intended as a diversification vector, is contracting. MedTech regulatory uncertainty adds further headwind. This undermines the revenue diversification narrative","Q2 FY26: Segment III Rs 64 Cr (-20.1%) | Industrial Systems CAGR 10-12%; MedTech muted due to regulatory uncertainty on refurbished equipment",Q2 FY26 Earnings Transcript,Section 6d
12,Gross Margin — Volume vs Margin,"UCP margin compressed to 6.2% in Q2 FY26 from 8-8.5% aspiration — operating leverage failure",negative,Q2 FY26,"High","A 260bps miss vs margin aspiration in the consumer segment demonstrates the sensitivity of margins to volume — precisely the kind of analysis A&M PEPI teams excel at quantifying","Segment II margin 6.2% in Q2 FY26 | UCP margin aspiration 8-8.5%, now may be 7-8% in summer-impacted year",Q2 FY26 Earnings Transcript / Q1 FY26 Transcript,Section 6a
13,Industry vs Company Growth,"Q3 FY26 PAT declined 39% to Rs 81 Cr — deteriorating earnings trajectory despite revenue stabilization",negative,Q3 FY26,"High","Q3 was supposed to benefit from festival season pre-buying, yet PAT declined 39% — the worst quarterly PAT decline of the year, suggesting margin pressure is intensifying not abating","Q3 FY26: Revenue Rs 2,925 Cr (+4.2%); EBITDA Rs 221 Cr (+5.4%); PAT Rs 81 Cr (-39%)",Sovrenn MD,Section 1
14,Pricing Strategy,"BEE energy label transition forcing 7-10% price increase while requiring old-inventory liquidation",watch,Jan 2026,"Medium","The simultaneous need to discount old-label inventory while raising prices on new-label products creates margin complexity; execution of this transition will determine near-term profitability trajectory","BEE label change Jan 1: 7-10% price increase expected, channel inventory liquidation needed before Dec 31",Q2 FY26 Earnings Transcript,Section 4
15,Operational Intelligence,"Weather-proofing strategy shifting revenue mix towards B2B within Room AC",watch,FY26,"Medium","Management acknowledges weather dependency and is pivoting towards B2B, but the strategy is unquantified — no targets for B2B revenue share, no timeline for reducing weather sensitivity","Weather-proofing strategy: B2B focus within Room AC, inventory production management, cautious on advertising spend",Q2 FY26 Earnings Transcript,Section 2
16,Market Share,"Room AC market share at ~14%, targeting 15% by FY27 — market share gained 0.2% even in declining market",positive,H1 FY26,"Medium","Market share gains during a downturn are a positive signal, but the 1 percentage point gain required to hit 15% by FY27 is ambitious given the competitive landscape and weather dependency","Room AC market share: ~14%, target 15% by FY27 | Market share went up 0.2% even in declining market | Q2 industry shrunk ~17%, Blue Star shrunk only 12%",Q1/Q2 FY26 Transcripts,Section 8
17,Gross Margin — Channel Architecture,"Quick commerce at ~10% of business with management indicating low penetration and not worried",watch,Q1 FY26,"Medium","Quick commerce penetration at 10% is significant and growing; management's dismissive stance (not worried) may underestimate channel disruption risk and margin implications of this shift","Quick commerce: ~10% of business, low penetration, not worried",Q1 FY26 Transcript,Section 6c
18,Localization Strategy,"International business at 2% of revenue, going slow despite product approvals — unfulfilled diversification",watch,FY26,"Medium","International diversification remains aspirational despite product approvals. Heat pumps for US/Europe represent a real opportunity but management's going slow approach means this won't provide meaningful revenue diversification in the medium term","International: Products approved, going slow, won't impact financials | Exports 2% of revenue | International subsidiaries: USA, Europe (B.V.), Japan, FZCO (UAE); exports to 20+ countries",Q1 FY26 Transcript / Annual Report FY25,Section 7
19,Capacity Utilization,"VAVE savings of Rs 19.24 Cr (Dadra + Wada) — modest relative to cost base",informational,FY25,"Medium","Total value engineering savings of Rs 19 Cr on a Rs 12,000 Cr revenue base suggests manufacturing cost optimization has significant room for improvement — a potential PEPI workstream","VAVE savings: Rs 5.24 Cr (Dadra) + Rs 14 Cr (Wada)",Annual Report FY25,Section 3
20,Process Cost,"Digital transformation investments (SAP RISE, Salesforce, Blue Star 360, Zoho) during volume downturn",watch,FY25-FY26,"Medium","Significant technology investment during a downturn compresses near-term margins but builds long-term operational efficiency. The question is whether these investments are generating measurable ROI","SAP RISE migration — cloud-first ERP approach | Salesforce Service Cloud implemented | Blue Star 360 — unified dealer lifecycle platform | Zoho Creator and Zoho CRM deployed",Annual Report FY25,Section 5d
21,Operational Intelligence,"Data center MEP business as emerging growth vector — chillers in development, liquid cooling explored",positive,FY26,"Medium","Data center infrastructure boom creates a structural tailwind for Blue Star's MEP capabilities, but the opportunity is early-stage with chillers still in development","Data center MEP part leading, chillers being developed, liquid cooling partnerships explored but not launching this FY",Q2 FY26 Earnings Transcript,Section 2
22,Market Share,"Commercial AC dominance — 50% ducted, 45% scroll, ~20% VRF/screw — provides defensive moat",positive,FY25,"Low","Dominant market positions in commercial AC systems provide stable, recurring revenue and high barriers to entry — a key strength that anchors the business during consumer segment volatility","~20% in VRF and screw chillers, 50% in ducted systems, 45% in scroll chillers",Annual Report FY25,Section 8
23,Industry vs Company Growth,"FY25 revenue growth of 23.6% significantly outpaced broader industry — strong execution year",positive,FY25,"Low","FY25 demonstrated Blue Star's ability to capture growth during favorable conditions; the question is sustainability as conditions normalize","Revenue: Rs 11,967.65 Cr (FY25) vs Rs 9,682 Cr (FY24) — 23.6% growth | Room AC market: Rs 30,000 Cr; overall AC market Rs 35,000 Cr; industry grew ~30% in FY25",Annual Report FY25,Section 1
24,Operational Intelligence,"Commercial AC CAGR guidance of 12% over next 5 years — structural growth vector",positive,FY26-FY31,"Low","12% CAGR in commercial AC provides a reliable growth anchor independent of weather cycles","Commercial AC CAGR 12% guidance over next 5 years",Q2 FY26 Earnings Transcript,Section 2
25,Operational Intelligence,"Project order book of Rs 7,120 Cr provides 12+ months of revenue visibility",positive,Q2 FY26,"Low","Strong order book provides execution visibility, though the serious caution on new inflows signals potential future moderation","Order book Rs 7,120 Cr | Order book Rs 6,843 Cr (+12.5%) in Q1",Q2/Q1 FY26 Transcripts,Section 2
26,Cost Structure — Direct vs Indirect,"FY25 EBITDA margin improved 40bps to 7.3% with 31.8% operating profit growth",positive,FY25,"Low","Margin expansion in FY25 demonstrated operating leverage working in Blue Star's favor during a growth year — but this is now reversing in FY26","FY25: EBITDA Rs 876 Cr, 7.3% margin (+40bps YoY from 6.9%); Operating profit Rs 875.92 Cr (+31.8%)",Annual Report FY25,Section 5a
27,Intellectual Property,"R&D spend Rs 139 Cr (1.5% of revenue), 55 patents, 65 design registrations, ~300 professionals",positive,FY25,"Low","Significant R&D investment with meaningful patent portfolio suggests innovation capability; heat pumps for US/Europe represent potential breakthrough if executed","R&D: Rs 139 Cr (Rs 81 Cr capex + Rs 58 Cr opex); 1.5% of revenue; ~300 professionals; 4 centres | 55 patents, 65 design registrations | 40+ new models in FY25",Annual Report FY25,Section 7
28,Cost Structure — Direct vs Indirect,"ROCE at 35.9% and D/E at 0.00 — strong capital efficiency despite challenges",positive,FY25,"Low","Outstanding return on capital and zero debt provides financial flexibility to navigate the downturn without distress","ROCE 35.9%, ROE 20.6%, D/E 0.00, Net cash Rs 640 Cr",Annual Report FY25,Section 5a
29,After-Sales Service,"Gold Standard service positioning with Salesforce CRM and 14 electronic repair centres",positive,FY25,"Informational","Service infrastructure investment builds competitive moat but specific cost metrics (NPS, cost per call) are not disclosed","After-sales: Gold Standard in HVAC&R service | Salesforce Service Cloud implemented | Electronic repair centres at 14 locations",Annual Report FY25,Section 10
30,Retail Distribution,"20,000-25,000 channel partners with 33% ecommerce growth and Blue Star 360 digital platform",positive,FY25,"Informational","Comprehensive distribution infrastructure with digital overlay provides scale advantage","20,000-25,000 channel partners | Online sales grew 33% in FY25 | Blue Star 360 unified dealer platform",Q1 FY26 Transcript / Annual Report FY25,Section 11
31,Employee Cost,"3,418 management staff with attrition reduced to 15% from 15.6%",positive,FY25,"Informational","Improving retention metrics despite leadership churn at senior levels","3,418 management staff, 21% Gen Z, 10.4% women, attrition reduced to 15% (from 15.6%)",Annual Report FY25,Section 5c
32,Sustainability Cost,"4.69 MWp solar capacity, ~15% renewable energy, Net Zero certifications",positive,FY25,"Informational","ESG investments are ongoing but modest relative to overall capital allocation","4.69 MWp solar capacity; ~15% renewable energy | Net Zero certifications at Wada, Sri City offices",Annual Report FY25,Section 5f
33,Capacity Utilization,"Plant-level capacity utilization rates not disclosed",not_disclosed,FY25-FY26,"Informational","Inability to assess manufacturing efficiency or headroom — a key analytical gap for any cost optimization exercise",Not Provided,N/A,Section 3
34,Cost Structure — Employee Cost,"Absolute employee cost as percentage of revenue not disclosed",not_disclosed,FY25-FY26,"Informational","Cannot model operating leverage dynamics fully without employee cost data",Not Provided,N/A,Section 5c
35,Contract Manufacturing,"Contract manufacturing arrangements and percentage of outsourced production not disclosed",not_disclosed,FY25-FY26,"Informational","Cannot assess production flexibility and supply chain risk comprehensively",Not Provided,N/A,Section 9
36,Pricing Strategy,"Specific commodity cost movements and hedging strategy not disclosed",not_disclosed,FY25-FY26,"Informational","Cannot model input cost trajectory or margin sensitivity to commodity prices",Not Provided,N/A,Section 4
37,After-Sales Service,"NPS scores, service resolution times, cost per service call, warranty claims rate not disclosed",not_disclosed,FY25-FY26,"Informational","Cannot assess service quality trends or after-sales cost efficiency",Not Provided,N/A,Section 10
38,Gross Margin — Sales Schemes,"Advertising spend as percentage of revenue not disclosed",not_disclosed,FY25-FY26,"Informational","Cannot model marketing ROI despite management admitting spend discipline failure",Not Provided,N/A,Section 6b
39,Cost Structure — Direct vs Indirect,"Working capital days breakdown (receivables, payables, inventory separately) not disclosed",not_disclosed,FY25-FY26,"Informational","Limited cash conversion cycle analysis despite net cash to net borrowing shift",Not Provided,N/A,Section 5a
40,Market Share,"Market share by AC tonnage/type (split, window, inverter, fixed-speed) not disclosed",not_disclosed,FY25-FY26,"Informational","Cannot assess product-level competitive position within the ~14% overall RAC share",Not Provided,N/A,Section 8
