Signal_ID,Category,Indicator,Signal_Title,Evidence_Summary,Source,Severity,Severity_Rank,AM_Rationale
1,Risk,Cost Structure,Commodity Cost Inflation — Material Margin Erosion 150 bps,"Standalone Q3 FY26 material margin contracted 150 bps YoY (31.1% vs 32.6%); consolidated -100 bps (32.2% vs 33.2%). Copper, aluminium, steel all under pressure. 9M FY26 material margin -50 bps consolidated. EBITDA compressed to 9.6% (9M FY26) from 10.9%.",Q3 FY26 Investor Presentation (BSE); Q3 FY25 Press Release,High,1,"A&M: Input cost inflation is a primary margin lever. A 150 bps standalone material margin compression directly impacts profitability. With pricing actions of only 1-1.5%, the gap is not fully closed. If commodity prices remain elevated through FY27, EBITDA guidance recovery to 11%+ is at risk. UNNATI savings and multi-sourcing provide partial mitigation but are insufficient to offset the full headwind."
2,Risk,Industry Volume Growth,Fan Channel Inventory Overhang — Industry Volume Decline Q1 FY26,"Q1 FY26: Industry-wide ECD declined ~11%; Crompton declined ~8%. Ceiling fan channel inventory was building (management: 'there is fans inventory in the channel; it's beginning to clear'). Same channel carries fans, water heaters, air coolers, TPW — inventory blockage constrained adjacent category sell-through and channel working capital.",Q1 FY26 Earnings Call Transcript (BSE); Q3 FY26 Earnings Call,High,2,"A&M: Channel inventory overhang is a classic consumer durables operational risk. When the primary channel partner has excess inventory (fans), their ability to invest in adjacent categories (water heaters, SDA) is constrained — both financially (cash rotation) and physically (shelf space). This is a multi-category revenue risk. The Q1 FY26 fan season decline was weather-driven and may recur in FY27 if monsoon patterns persist."
3,Risk,Industry Volume Growth,PM-KUSUM Scheme Expiry (March 2026) — Solar Pump Revenue Risk,"Solar pump revenue has been significantly driven by PM-KUSUM government subsidy scheme (expiring March 2026). Management acknowledged this dependency and argued for farmer economics (2-2.5 year payback without subsidy). Industry was flat in Q1 FY26 on a subsidy-driven scheme year — without renewal or replacement, there could be a 2-4 quarter revenue gap as demand transitions from subsidy-driven to self-sustaining.",Q1 FY26 Earnings Call Transcript (BSE); Q3 FY25 Press Release,High,3,"A&M: Government subsidy dependency is a classic turnaround risk. FAME-1/FAME-2 EV precedent (management's own analogy) showed a temporary dip in demand when subsidies ended. If PM-KUSUM is not renewed or significantly reduced after March 2026, Crompton's solar pump revenue (which doubled to a top-3 position) faces an abrupt correction. Working capital intensity of government orders compounds the risk."
4,Risk,Gross Margin Strategy,9M FY26 EBITDA Margin Compressed to 9.6% — Multi-Quarter Weakness,"9M FY26 consolidated EBITDA: ₹557 Cr (9.6%) vs ₹634 Cr (10.9%) in 9M FY25 — a 130 bps decline. Revenue growth was effectively flat (+0.2% YoY). The combination of near-zero revenue growth + 130 bps margin compression represents a significant P&L deterioration from FY25's 11.66% EBITDA. PAT excluding exceptionals: ₹330 Cr (5.7% of revenue).",Q3 FY26 Investor Presentation (BSE),High,4,"A&M: A multi-quarter trend of simultaneous revenue stagnation and margin compression signals an operational challenge requiring structured intervention. In an A&M turnaround context, this would trigger a rapid cost structure review (UNNATI acceleration), pricing committee escalation, and portfolio rationalization review. The one-time Baroda VRS partially explains the exceptional charges, but the underlying EBITDA trajectory is a strategic concern."
5,Risk,Capacity Utilization,BLDC Demand Outpacing Supply — Missed Revenue in Fastest-Growing Premium Segment,"Management noted BLDC fan demand 'outweighing supply' in some areas in Q1 FY26; BLDC availability 'not yet pan-India'. Nucleus BLDC PCB platform launched November 2025 sold 1 lakh+ units. BLDC growing 50%+ QoQ in Q3 FY26. A supply-constrained high-growth premium segment represents direct revenue leakage.",Q1 FY26 Earnings Call Transcript (BSE); Q3 FY26 Investor Presentation,High,5,"A&M: Capacity constraints in a premium, fast-growing segment are a revenue and market share risk. If Crompton cannot supply BLDC fans to meet demand, competitors (Havells, Orient, Atomberg) gain shelf space and consumer trial. In the BLDC segment where Crompton is already #2 (targeting #1), supply gaps are a direct impediment to the stated strategic objective. Baddi plant expansion is underway but timeline to full scale matters."
6,Risk,Operational Intelligence,Butterfly Turnaround Below Aspiration — 3% Revenue Growth vs Double-Digit Guidance,"Butterfly Q3 FY26 revenue: ₹245 Cr (+3% YoY vs Q3 FY25's ₹238 Cr). Management guided 'double-digit growth this year' for FY26 but Q1 FY26 was single-digit and Q3 FY26 remained at 3%. National expansion from South India base is proving slow. EBITDA margin at 8.2% (+100 bps YoY) is improving but revenue momentum is insufficient for the turnaround narrative.",Q1 FY26 Earnings Call Transcript (BSE); Q3 FY26 Investor Presentation,High,6,"A&M: A 75%-owned subsidiary in a turnaround consuming management bandwidth and capital without achieving revenue targets is a significant portfolio risk. The gap between guidance (double-digit growth) and delivery (3% in Q3 FY26) in the 4th year post-acquisition (Crompton acquired Butterfly in 2022) suggests structural challenges in North/West expansion. EBITDA improvement trajectory is positive but margin without volume growth is a ceiling on absolute profit delivery."
7,Risk,Cost Structure,Employee Cost Inflation — +13.6% YoY Q3 FY26 vs Revenue Growth +7.3%,"Q3 FY26 consolidated employee cost: ₹170 Cr (+13.6% YoY vs Q3 FY25: ₹150 Cr). Revenue grew only 7.3% YoY in the same period. Employee cost inflation at nearly 2x revenue growth rate structurally degrades the EBITDA margin over time. Standalone permanent employees 1,893 (FY25); other-than-permanent 1,039.",Q3 FY26 Investor Presentation (BSE); BRSR FY25,Medium,7,"A&M: Employee cost outpacing revenue growth is a classic operational efficiency signal. At 8.13% of revenue (FY25) and rising, employee costs represent a meaningful EBITDA lever. The new category entries (solar rooftop, wires) and BCG GTM study are adding headcount before revenue materialises. A workforce productivity analysis (revenue per employee) would be warranted in a structured review."
8,Risk,Operational Intelligence,Solar Rooftop — ₹2000 Cr Revenue Target in 18-24 Months vs ₹19 Cr in Q3 FY26,"Management guided ~₹2,000 Cr solar rooftop revenue within 18-24 months (Q2 FY26 Investor Presentation). Current Q3 FY26 revenue: ₹19 Cr. Order book: ₹500 Cr (AP ₹445 Cr + Telangana ₹52 Cr), execution expected in 6-12 months. The gap between aspiration (₹2,000 Cr) and current delivery (₹19 Cr/quarter) is enormous; requires 25x+ scale-up. Working capital intensity of large institutional solar orders is significantly higher than consumer durables. Government payment cycles (AP/Telangana electricity departments) carry execution risk.",Q2 FY26 Investor Presentation; Q3 FY26 Earnings Call Transcript (BSE),Medium,8,"A&M: The ₹2,000 Cr solar rooftop revenue aspiration is transformative (25%+ of current annual revenue) but represents an enormous execution challenge from a ₹19 Cr base. Government counterparty risk (AP/Telangana payment delays), SITC completion timelines, and milestone-based revenue recognition are execution risks. Positive: Crompton's track record in solar pumps (₹372 Cr cumulative executed; 12,000+ units; 60 MW) provides institutional execution credibility. A&M would recommend dedicated project PMO, cash flow monitoring, and conservative working capital provisioning for this business."
9,Risk,Pricing Strategy,Lighting B2C Price Erosion — Structural Margin Headwind in #3 Position,"LED B2C (bulbs, battens) prices continue to erode structurally due to commoditization and Chinese imports. Crompton sustained 3% revenue growth in Q3 FY25 lighting despite this headwind (via B2B panels pivot), but is a structural headwind. Panels now the largest segment but pricing is also competitive. Crompton holds #3 market share in a category under sustained price pressure.",Q3 FY25 Press Release; Q1 FY26 Earnings Call Transcript,Medium,9,"A&M: Structural price erosion in a core segment erodes the revenue base over time. The B2B panels/outdoor pivot is the right strategic response, but the transition takes multiple years to fully offset B2C volume decline. If pricing pressure accelerates in B2B panels (as Chinese panel imports intensify), Crompton's lighting segment EBIT could deteriorate further. The #3 position provides limited pricing power."
10,Risk,Operational Intelligence,New Category Proliferation Risk — Simultaneous Bets Without Phased Sequencing,"Crompton is simultaneously entering: (1) solar rooftop, (2) residential wires, (3) scaling solar pumps — while managing BEE 2.0 fan transition, Butterfly brand refresh, Baroda restructuring, BCG GTM study, and ₹350 Cr greenfield planning. A company generating ₹550-900 Cr EBITDA annually has finite management bandwidth and capital. No phased sequencing or resource allocation framework is publicly disclosed.",Q3 FY26 Earnings Call Transcript; Q1 FY26 Earnings Call Transcript,Medium,10,"A&M: Portfolio diversification into multiple new categories simultaneously is a classic turnaround caution flag. Each new category requires dedicated P&L ownership, distribution investment, working capital, and management focus. The risk is strategic fragmentation — no single new category achieves the scale required to be a meaningful EBITDA contributor while individually draining overhead. An A&M review would recommend explicit category sequencing with financial gates."
11,Risk,Retail Footprint,BCG GTM Transformation Execution Risk — Distribution Restructuring,"BCG strategic GTM study underway; Project Udaan targets SDA distribution. Reorganising distribution architecture across 236,000+ retailers and 2,800+ distributors risks near-term channel disruption. Distributor confidence can erode during restructuring if margins, territories, or product allocations change. Any channel disruption would directly impact revenue velocity in the near term.",Q2 FY26 Investor Presentation (BSE); Q1 FY26 Earnings Call Transcript,Medium,11,"A&M: GTM restructuring is a high-benefit but high-disruption initiative. While BCG-driven distribution optimization can unlock 150-250 bps of revenue outperformance, the transition period (6-18 months) often sees revenue softness as channel partners adjust to new arrangements. The timing is particularly sensitive given that Q1 FY26 already saw fan channel inventory challenges."
12,Risk,Capacity Utilization,Baroda Plant One-Time VRS Exceptional Charge — ₹20.36 Cr,"Baroda plant VRS charge of ₹20.36 Cr in Q3 FY26, classified as exceptional. While payback is <2 years, the one-time charge reduced Q3 FY26 reported net profit to ₹101 Cr (5.3%) from ₹116 Cr (6.1%) excluding exceptional items. Restructuring risk includes potential legal challenges from retrenched employees and operational disruption during the multi-PL transition.",Q3 FY26 Earnings Call Transcript; Q3 FY26 Investor Presentation,Medium,12,"A&M: VRS charges are positive long-term but carry short-term disruption risk. The single-PL to multi-PL transition at Baroda requires retraining, new tooling, and process change — all of which carry execution risk. Quality consistency across product lines during transition needs monitoring."
13,Risk,Operational Intelligence,Greenfield Capex ₹350 Cr — Capital Allocation Discipline in Compressed Margin Year,"₹350 Cr greenfield plant announced (2-3 year horizon) for domestic + export manufacturing. In a year where 9M FY26 EBITDA is ₹557 Cr (9.6%), committing ₹350 Cr over 2-3 years represents ~63% of 9M FY26 EBITDA. Export manufacturing is unproven for Crompton; site selection, product mix, and export market identification are not disclosed.",Q1 FY26 Earnings Call Transcript (BSE),Medium,13,"A&M: Large capex commitments in a period of margin compression require stringent capital allocation discipline. The absence of disclosed product mix, site, or export destination details limits the ability to assess return on investment. An A&M review would apply a phased capex gate approach: commit tranche 1 only after new category revenue targets (wires, rooftop) are achieved."
14,Risk,Industry Volume Growth,Residential Wires — Unproven New Category with High TAM but No Track Record,"Residential wires announced Q3 FY26 as a new category; ₹36,000-37,000 Cr TAM. Manufacturing outsourced initially. No revenue, margin, or timeline disclosures. The wires market is dominated by Havells, Polycab, and Finolex — entrenched players with manufacturing scale, brand trust, and electrician loyalty. Crompton enters as a brand extension with no existing channel advantage in this category.",Q3 FY26 Earnings Call Transcript (BSE),Medium,14,"A&M: Entering a highly competitive, brand-trust-driven category (wires/cables) against entrenched incumbents with 30+ year track records is a significant market entry risk. Electricians and contractors drive purchase decisions in wires — not consumers. Building electrician loyalty and dealer margins takes years. The 'outsourced initially' model limits gross margin in early stages, and without manufacturing scale, price competitiveness against Polycab/Havells/Finolex is constrained."
15,Opportunity,Pricing Strategy,Price Increases Implemented — 1-1.5% Net in January 2026 with Further Increases Planned,"Net price increase of 1-1.5% implemented in January 2026 across categories. Additional increases planned for Q4 FY26 and Q1 FY27. In defensive consumer durables categories (fans, pumps), price elasticity is typically low-to-moderate. The pricing action, combined with UNNATI savings, provides a margin recovery trajectory.",Q3 FY26 Earnings Call Transcript (BSE),Low,15,"A&M: Pricing is the fastest-acting EBITDA lever. A 1-1.5% net increase on ₹7,864 Cr annualised revenue (~₹118-157 Cr incremental revenue) with modest elasticity impact directly flows to EBITDA. The planned Q4 FY26 and Q1 FY27 further increases demonstrate pricing discipline. In an A&M turnaround lens, pricing before cost recovery is a positive sign of management assertiveness."
16,Opportunity,Capacity Utilization,BEE 2.0 Fan Transition Managed Seamlessly — XTECH Platform Differentiates,"BEE 2.0 mandatory energy efficiency standards (effective January 1, 2026) were managed seamlessly via Crompton's proprietary XTECH platform. BLDC fans growing 50%+ QoQ. The transition is structurally favourable for incumbents with in-house BEE 2.0 technology; smaller or unorganised players without XTECH-equivalent platforms face a regulatory moat disadvantage.",Q3 FY26 Earnings Call Transcript (BSE),Low,16,"A&M: Regulatory transitions that incumbents manage well create competitive moats. BEE 2.0 eliminates non-compliant products from the market, benefiting players with in-house compliance technology (XTECH). This is a structural market share consolidation opportunity for Crompton in the fan segment over FY26-FY27."
17,Opportunity,Cost Structure,Zero-Debt Achievement — Financial Flexibility for Strategic Investments,"Crompton repaid the last ₹300 Cr NCD in Q1 FY26, becoming a zero-net-debt company. Finance costs dropped to ₹48 Cr in FY25 (0.61% of revenue) from ₹79 Cr (1.08%) in FY24; interest coverage 27.01x. Zero-debt provides financial flexibility for greenfield capex, working capital for solar rooftop scale-up, and potential M&A.",Q1 FY26 Earnings Call Transcript (BSE); MD&A FY25,Low,17,"A&M: A zero-debt balance sheet is a strong financial buffer in a period of operational investment. The annual savings of ~₹48 Cr finance cost directly flows to PAT. This creates headroom for the ₹350 Cr greenfield capex without overleveraging. From an A&M capital structure perspective, Crompton enters FY27 with maximum financial flexibility."
18,Opportunity,Cost Structure,Project UNNATI — Ongoing Cost Savings with Multi-Sourcing +10%,"Project UNNATI (ongoing cost excellence program) delivered multi-sourcing increase of 10% in FY25-26 and is qualifying alternative raw materials to mitigate commodity cost increases. The Baroda restructuring (VRS payback <2 years) adds structural fixed-cost savings of ~₹10 Cr/year post FY26.",Q3 FY26 Investor Presentation (BSE); Q3 FY26 Earnings Call,Low,18,"A&M: Structural cost programs like UNNATI are essential margin stabilisers in commodity-volatile businesses. The 10% multi-sourcing increase reduces price negotiation leverage for single suppliers and enables cost benchmarking. Baroda savings add ~₹10 Cr/year to EBITDA post VRS payback — a direct and quantifiable return."
19,Opportunity,Market Share,BLDC Fans #2 → Targeting #1 — Nucleus Platform Launched,"Crompton is #2 in BLDC fans and has explicitly stated the objective to become #1. The in-house Nucleus BLDC PCB platform (Baddi), launched November 2025, sold 1 lakh+ units within 2 months. BLDC growing 50%+ QoQ in Q3 FY26. Further BLDC product launches planned in subsequent quarters.",Q1 FY26 Earnings Call Transcript (BSE); Q3 FY26 Investor Presentation,Low,19,"A&M: BLDC fan market leadership is a high-value strategic objective. BLDC fans (₹3,000-8,000+ ASP vs ₹800-2,500 conventional) carry higher gross margin and brand value. Achieving #1 in BLDC would reinforce Crompton's world #1 ceiling fan position at the premium end, protecting against value migration to specialist BLDC brands (Atomberg). The Nucleus platform's in-house manufacturing provides sustainable cost competitiveness."
20,Opportunity,Gross Margin Strategy,Butterfly EBITDA Trajectory — 7.2% Q3 FY25 to 8.2% Q3 FY26 (+100 bps YoY Consistent),"Butterfly's EBITDA margin improved 100 bps YoY in Q3 FY26 (8.2% vs 7.2% Q3 FY25), following +620 bps the prior year. Management reaffirmed '100 bps improvement target' for FY26 despite a weak Q1. Net profit grew +44% YoY in Q3 FY26. Material margin improved +300 bps via pricing and product mix.",Q3 FY26 Investor Presentation (BSE); Q1 FY26 Earnings Call Transcript,Low,20,"A&M: A consistent 100 bps/year EBITDA margin improvement trajectory at a subsidiary is a positive turnaround signal. If sustained, Butterfly reaches ~10% EBITDA within 2 years — a target that would significantly de-risk the ₹2,000+ Cr acquisition thesis. The Idea First Series premium range is the key margin accretion lever going forward."
21,Opportunity,Industry Volume Growth,Solar Pump Business Scale — Top 3 with 100%+ Growth; PM-KUSUM as Springboard,"Crompton's solar pump business has grown from near-zero to top-3 nationally, doubling YoY in Q1 FY26 even when the industry was broadly flat. Management confirmed EBIT margins are 'very similar to the overall margin that Crompton records' (~9-10%) with 'strong return on capital.' PM-KUSUM provides subsidy support; farmer payback economics (2-2.5 years) suggest post-subsidy self-sustaining demand.",Q1 FY26 Earnings Call Transcript (BSE); Q3 FY25 Press Release,Low,21,"A&M: Solar pump is Crompton's most significant recent category success. The combination of government-backed initial demand (PM-KUSUM), strong farmer ROI economics (payback 2-2.5 years), a USD 4-5 Bn long-term agri-to-solar transition opportunity, and Crompton's proven SITC execution capability make this a high-quality growth engine. Margin profile similar to core business is a validation of business model quality."
22,Informational,Market Share,World #1 Ceiling Fans — Largest Market Share of Any Single Brand Globally,"Crompton holds the world's #1 ceiling fan market share by volume. India ceiling fan market is the world's largest, and Crompton is the undisputed leader. Q1 FY26: market share gained despite industry volume decline (-8% Crompton vs -11% industry).",BRSR FY25; Q1 FY26 Earnings Call Transcript,Informational,22,"A&M: The world #1 position in ceiling fans is a strategic moat and the foundation of Crompton's brand equity. Any threat to this position (BLDC competition, BEE 2.0 non-compliance) would be a first-order risk. The market share gain in a down-cycle (Q1 FY26) validates brand and distribution resilience."
23,Informational,Market Share,India #1 Residential Pumps — Durable Category Leadership,"Crompton holds India's #1 position in residential pumps — a category with consistent demand driven by water scarcity and infrastructure growth. Residential pumps grew 19% YoY in Q3 FY25.",BRSR FY25; Q3 FY25 Press Release,Informational,23,"A&M: Market leadership in residential pumps provides stable revenue and high brand recall with plumbers/contractors — a key B2B influencer channel. This leadership position is a durable competitive asset."
24,Informational,Market Share,Water Heater #2 in General Trade Nationally — Milestone Achieved Q3 FY26,"Crompton achieved #2 in general trade water heater market nationally by Q3 FY26 (already #1 in e-commerce). Management described this as 'a significant milestone'.",Q3 FY26 Earnings Call Transcript (BSE),Informational,24,"A&M: Achieving #2 GT in water heaters demonstrates successful category expansion and distribution penetration in a mid-sized (₹5,000-7,000 Cr) category. Next objective is #1 — which would represent full category leadership and significant revenue upside."
25,Informational,Retail Footprint,Distribution Diversification — Top 10 Distributors Only 6.24% of Sales,"236,000+ retailers, 2,800+ unique distributors. Top 10 distributors account for only 6.24% of total sales to dealers — an extremely fragmented distribution base providing high channel resilience and low concentration risk.",BRSR FY25,Informational,25,"A&M: Highly fragmented distribution (top-10 = 6.24%) is a structural strength — no single distributor can hold the company to ransom on margin or exclusivity. This is a durable competitive advantage in channel resilience."
26,Informational,Retail Footprint,E-Commerce #1 Across All Operating Segments,"Crompton is the #1 e-commerce player in every product category it operates: ceiling fans, water heaters, air coolers, pumps, SDA. #2 in e-commerce air coolers (targeting #1). E-commerce is now 15-20% of consumer durables revenue industry-wide and growing.",Q3 FY26 Investor Presentation (BSE); BRSR FY25,Informational,26,"A&M: E-commerce leadership provides access to premium consumers, lower trade margin outgo, and real-time demand sensing. As India's e-commerce penetration in durables grows from ~15-20% to 30%+, Crompton's incumbent #1 position is a structural revenue tailwind."
27,Informational,Gross Margin Strategy,FY25 Consolidated EBITDA 11.66% — Best Performance in 5 Years,"FY25 consolidated EBITDA: 11.66% (vs 10.78% FY24, 10.5% FY23 est.). Revenue: ₹7,864 Cr (+7.5% YoY). PAT: ₹564 Cr (7.17%). RONW: 16.54%. Interest coverage: 27.01x. FY25 was the best EBITDA and PAT year in Crompton's post-restructuring history.",MD&A FY25,Informational,27,"A&M: FY25 represents the peak of the Crompton 2.0 strategy's near-term financial delivery. The compression to 9.6% EBITDA in 9M FY26 needs to be read against this FY25 peak — it's a 200+ bps setback requiring structural attention, not just a cyclical dip."
28,Informational,Operational Intelligence,R&D Investment >₹80 Cr FY25 — 170 New Products; New Product Revenue ₹710.6 Cr,"R&D investment exceeding ₹80 Cr in FY25. 170 new products launched in FY25. Revenue from new products in FY25: ₹710.6 Cr (~9% of standalone revenue). Nucleus BLDC PCB and XTECH platforms are key R&D outputs.",MD&A FY25; BRSR FY25,Informational,28,"A&M: R&D investment as a percentage of revenue (~1% at >₹80 Cr on ₹7,864 Cr) is modest but consistent with consumer durables industry norms. The ₹710.6 Cr new product revenue demonstrates effective commercialization of R&D investment. BLDC/XTECH are the flagship platform outputs."
29,Informational,Localization,In-House Nucleus BLDC PCB Platform — Strategic Differentiation in Premium Fans,"Crompton developed and manufactures the Nucleus BLDC PCB platform in-house at the Baddi plant. This eliminates dependence on imported BLDC modules (typically from China). Sold 1 lakh+ units since November 2025 launch. BLDC fans growing 50%+ QoQ.",Q3 FY26 Investor Presentation (BSE); Q3 FY26 Earnings Call,Informational,29,"A&M: In-house BLDC PCB manufacturing is a multi-year strategic capability investment that creates a sustainable cost and supply chain advantage. Competitors relying on imported BLDC modules face foreign exchange and supply chain risk. Crompton's Nucleus platform is the primary weapon in the #2-to-#1 BLDC market share journey."
30,Informational,Operational Intelligence,Greenfield Export Plant — India-First Export Ambition in Consumer Durables,"Crompton announced a ₹350 Cr greenfield plant for both domestic and export manufacturing — its first explicit export manufacturing ambition. The 2-3 year timeline positions this for FY28 completion.",Q1 FY26 Earnings Call Transcript (BSE),Informational,30,"A&M: Export manufacturing is a strategic optionality. Crompton's world #1 ceiling fan position provides a brand foundation for export, particularly in Southeast Asia, Middle East, and Africa markets. The greenfield export ambition signals long-term growth confidence but requires disciplined execution given the simultaneous new category bets."
31,Informational,Gross Margin Strategy,ESG Leadership — S&P Global CSA 71/100; Globally #2 in Household Durables,"S&P Global Corporate Sustainability Assessment 2025: score 71/100; globally ranked #2 in household durables. DJSI 2025-26: score 61/100; #4 in DHP household durables. GHG target: 50% Scope 1+2 reduction by 2035; 60% product emissions intensity reduction.",Q3 FY25 Press Release (S&P CSA 2024 rank #3); Q3 FY26 Earnings Call (2025 rank #2),Informational,31,"A&M: ESG leadership (globally #2 in household durables) provides access to ESG-linked financing at lower cost, institutional investor preference, and premium brand positioning for environmentally conscious consumers. Crompton's sustainability commitments (50% GHG reduction by 2035) are ambitious and backed by scale and technology. This is a governance and financing quality signal."
32,Informational,Industry Volume Growth,TAM Expansion — Core ₹75,000-80,000 Cr to ₹1.5-2.0 Lakh Cr,"Crompton's core addressable market is ₹75,000-80,000 Cr (fans, pumps, lighting, water heaters, air coolers, SDA). With new categories (solar pumps, solar rooftop, wires, kitchen), the total addressable market expands to ₹1.5-2.0 lakh Cr — a 2x+ increase.",Q3 FY26 Investor Presentation; Q1 FY26 Earnings Call,Informational,32,"A&M: The TAM expansion thesis is directionally sound but execution-dependent. The key question is not whether the market is large (wires at ₹36,000 Cr, solar rooftop growing) but whether Crompton can build a top-3 position in each category within 5 years. Historical precedent (pumps, water heaters) is positive; wires and solar rooftop are unproven."
33,Informational,After-Sales Service,860+ Service Centres — 4.3/5 Star Rating,"Crompton operates 860+ service centres nationally. Customer satisfaction rating: 4.3/5. Service network is a key differentiator for trust-intensive categories (pumps, water heaters, solar). Complemented by 236,000+ retailers as first contact points.",BRSR FY25,Informational,33,"A&M: A 4.3/5 service rating across 860+ centres is above consumer durables industry average. For premium categories (BLDC fans, water heaters, solar pumps), post-purchase service quality directly impacts repurchase and NPS. This is a customer retention asset."
34,Informational,Localization,Multi-Sourcing Programme — +10% YoY in FY25-26,"Multi-sourcing of key inputs and components increased by 10% in FY25-26 under Project UNNATI. Alternative raw materials qualification ongoing to reduce commodity price volatility impact.",Q3 FY26 Investor Presentation (BSE),Informational,34,"A&M: Multi-sourcing is a supply chain resilience metric. A 10% increase in FY25-26 means ~10% more components are now dual-or-triple sourced, reducing the risk of any single supplier causing cost spike or supply disruption. This is a positive operational maturity indicator."
35,Informational,Operational Intelligence,Butterfly 'Celebrating Change' Brand Refresh — Idea First Series in Premium Kitchen,"Butterfly brand relaunched with 'Celebrating Change' positioning targeting millennials/Gen Z. 'Idea First Series' premium products launched in mixer grinders, gas stoves, and pressure cookers — industry-first innovations addressing specific consumer problems.",Q1 FY26 Earnings Call Transcript (BSE); Swetha Sagar (Butterfly CEO),Informational,35,"A&M: Brand refreshes are high-risk, multi-year bets in branded consumer goods. The Butterfly brand (40 years, strong South India) has equity worth preserving. The 'Idea First Series' premium play is aligned with India's kitchen upgrade cycle (unbranded → organised → premium). Success metrics would be ASP increase, margin expansion beyond 8.2% EBITDA, and GT expansion outside South India."
36,Informational,Gross Margin Strategy,Lighting EBIT Margin Turnaround — 15.5% in Q2 FY26 (+480 bps YoY); B2B Pivot Delivering,"Lighting consolidated EBIT margin: 15.5% in Q2 FY26 (vs 10.7% Q2 FY25, +480 bps). H1 FY26 lighting EBIT: 14.2% (vs 9.8% H1 FY25, +440 bps). Revenue ₹494 Cr for H1 FY26 (+1.6% YoY). B2B pivot to panels, outdoor, and commercial lighting is structurally improving profitability despite ongoing B2C LED price erosion.",Q2 FY26 Investor Presentation (November 6, 2025),Informational,36,"A&M: A 480 bps lighting EBIT margin improvement is one of the most significant positive signals in the FY26 data. The B2B pivot (panels, outdoor, industrial) is delivering structurally better margins than B2C LED. This changes the lighting narrative from 'struggling #3' to 'successfully transforming' — a key value creation driver that may not be fully priced in by the market."
37,Informational,Retail Footprint,Alternate Channel Saliency at 20% — Crompton 2.0 GTM Transformation Progressing,"Alternate channel (e-commerce, modern trade, regional chain stores) saliency reached 20% of sales. E-commerce delivering double-digit growth in SDA (Mixer Grinders, Pressure Cookers, Table Top Wet Grinder ranked #1 on Amazon). Modern Trade and Regional Chain Stores growing double-digit.",Q2 FY26 Investor Presentation (November 6, 2025),Informational,37,"A&M: 20% alternate channel saliency (up from lower base) demonstrates successful omnichannel transformation. As India's e-commerce penetration in durables grows, a company with 20% alternate channel revenue and #1 e-commerce position in all categories is structurally advantaged. This reduces dependence on traditional GT channel and improves margin profile (lower trade margins in MT/e-com vs GT)."
38,Informational,Gross Margin Strategy,Q2 FY26 Was EBITDA Trough — Recovery Visible in Q3 FY26,"Q2 FY26 was the worst EBITDA quarter in FY26: consolidated 8.3%, standalone 8.0%. Q3 FY26 recovered to consolidated 10.3%, standalone 10.5% — a 200 bps sequential improvement. Q2 trough driven by: prolonged monsoon (weak fan/cooler season) + commodity inflation + Baroda VRS ₹20.36 Cr exceptional + consumer spending deferral (GST cuts from Sep 22, 2025).",Q2 FY26 Investor Presentation; Q3 FY26 Investor Presentation,Informational,38,"A&M: Understanding that Q2 FY26 was the cyclical trough (8.0-8.3% EBITDA) and Q3 showed recovery (10.3-10.5%) is important for assessing trend vs. one-off. The sequential recovery of ~200 bps in one quarter, driven by GST-deferred demand materialising in Q3, pricing actions from November 2025, and seasonal normalization, suggests the underlying trajectory is recovering. FY27 Q1 (April 2026, fan season) will be the key test."
