Rank,Indicator,Signal,Business Interpretation,Verbatim Evidence,Status,Time Period,Severity Level,Severity Rationale,Source Document,Line Reference
1,Operational Intelligence,"A&M formally mandated for material cost reduction of ₹200+ crores over 18 months (started Feb 2025); Chairman explicitly admitted he should have moved faster with an outside firm","The Chairman's public admission that internal cost discipline failed for multiple years before external intervention became necessary is the highest-severity governance signal in a turnaround context. An A&M mandate already in execution — with a ₹200+ crore savings target over 18 months — confirms this is an active restructuring engagement, not a prospect evaluation. The fact that the Chairman said this in a public earnings call is unusually candid and validates the structural depth of the problem.","I think we should have moved faster on this with an outside firm.",Negative,FY25–FY26 (ongoing),Critical,"Self-confessed delayed external intervention at Chairman level; A&M mandate live and in execution — strongest possible validation of a turnaround consulting opportunity already underway.",AR 2024-25 (INTEGRATED_GOVERNANCE / ANNUAL_GENERAL_MEETING); Q4 FY25 Transcript (INVESTOR_ANALYST),"AR Lines 232–236; AR Lines 2708–2709; Q4 FY25 Transcript Page 17"
2,Gross Margin Strategy,"PBDIT margin at 6.52% in FY25 — company's best year — still below internal target of 10%+; total savings program expected to exceed ₹350 crores across material, logistics, fixed cost, and scheme levers","A 350 bps gap between best-ever reported margins and the internal target confirms the underperformance is structural, not cyclical. The ₹350 crore total savings quantum — disclosed by the Chairman himself — implies that at the current margin trajectory, the business needs external-led cost restructuring across every cost line simultaneously to close the gap. This is a full-scope A&M mandate, not a single workstream.","EBITDA, as I said, our internal thing is 10%... We have not achieved it, is another point.",Negative,FY24–FY25 (multi-year),Critical,"Persistent multi-year EBITDA undershoot vs internal target — with ₹350 crore savings required to close the gap — defines the financial scale of the restructuring mandate.",AR 2024-25 (INTEGRATED_GOVERNANCE); Q4 FY25 Transcript (INVESTOR_ANALYST),"AR Lines 220–222; Q4 FY25 Transcript Pages 9 and 12"
3,Retail Footprint / Distribution,"Chronic counter-level sales execution failure acknowledged by Chairman as a multi-year recurring problem: 'This process is weak in IFB... we have said this quarter-after-quarter, year-after-year, but it has not happened the way it should happen'","Multi-year self-acknowledged failure at the point of sale — disclosed verbatim by the Chairman in a public earnings call — is a structural organizational capability gap, not a market problem. The company has the distribution network (4,172 dealers), the product range, and the brand, but is systematically failing to convert shelf presence into sales. This is the operational execution core of the A&M engagement.","This process is weak in IFB. This process has to be strengthened... Now I know we have said this quarter-after-quarter, year-after-year, but it has not happened the way it should happen.",Negative,Multi-year (FY23–FY26),Critical,"Repeated Chairman-level public admission of the same execution failure over multiple years confirms an organizational incapability — not a market cycle — requiring external change management intervention.",AR 2024-25 (INTEGRATED_GOVERNANCE); Q4 FY25 Transcript (INVESTOR_ANALYST),"Q4 FY25 Transcript Page 9; AR Line 2712"
4,Pricing Strategy / Cost Structure,"Annual scheme payout stands at ₹1,500 crores — approximately 30% of standalone revenue — across consumer finance, dealer schemes, and service schemes","₹1,500 crores in channel incentives on ₹4,977 crores revenue means 30 paise of every revenue rupee flows back to the channel as incentive. This structural cost is not separately visible in the standard P&L and therefore systematically understates the true cost-to-serve the customer. Scheme rationalization — where the company has already recovered ₹28 crores from underperforming dealers — is itself a multi-hundred-crore A&M opportunity.","The annual scheme payout, including consumer finance and scheme of service stands at Rs. 1,500 crores up to 31 March 2025.",Negative,FY25 (annualized),Critical,"₹1,500 crores in channel payouts (~30% of revenue) is a hidden margin destroyer of enormous scale; scheme rationalization is a high-ROI restructuring lever already partially activated.",Q2 FY26 Transcript (INVESTOR_ANALYST); Q4 FY25 Transcript (INVESTOR_ANALYST),"Q2 FY26 Transcript Page 2; Q4 FY25 Transcript Page 4"
5,Cost Structure,"Material cost grew +19.7% YoY (₹2,513.85 crores FY25 vs ₹2,099.77 crores FY24) outpacing revenue growth of +14.6%; management admitted material cost increase in FL washers was unexpected",COGS growing faster than revenue directly compresses gross margin in absolute and percentage terms — the most fundamental P&L deterioration signal. The disclosure that the cost increase 'took us by surprise' is even more damaging than the number itself: it confirms that before A&M's engagement in February 2025 the company lacked forward commodity cost monitoring and procurement discipline.,in FY '25 what has happened is material cost went up in FL etc. which sort of took us by surprise.,Negative,FY24–FY25,Critical,"Material cost outpacing revenue growth is the root cause of the A&M engagement; management's admission that it was unexpected confirms absence of procurement forecasting discipline.",AR 2024-25 (INTEGRATED_GOVERNANCE); Q4 FY25 Transcript (INVESTOR_ANALYST),"AR Notes 23–29 Lines ~19740–20110; Q4 FY25 Transcript Page 7"
6,Industry vs Company Growth,"Front load washing machine industry stagnant in FY25; degrowth in up-to-10 kg segment; IFB core washer revenue stagnant at ₹1,700–1,800 crores for 2–3 consecutive years","IFB's largest single revenue block (~35% of total revenue) has generated zero organic growth for 2–3 years. The reported FY25 revenue growth of +14.6% is entirely attributable to new categories (AC, refrigerator). This means the core engine has stalled and the business is dependent on nascent, lower-margin categories for all of its topline momentum — a structurally fragile growth profile.","Our problem, if you see, is that AC is doing better, refrigerator is doing better, but the FL sale's stagnated, that has become the problem.",Negative,FY23–FY25 (multi-year),Critical,"2–3 year revenue plateau in the primary category means headline growth masks a stalled core engine; any headwind in growth categories collapses total company performance.",Q4 FY25 Transcript (INVESTOR_ANALYST); AR 2024-25 (INTEGRATED_GOVERNANCE),"Q4 FY25 Transcript Pages 3 and 6; Q4 FY25 Transcript Page 15"
7,Cost Structure,"Fixed cost at ₹75 crores/month; target to reduce by ₹6 crores/month by end Q2 FY26; management disclosed it 'did not do well in this area' as of Q2 FY26; results now deferred to Q4 FY26","A publicly committed cost reduction target missed in the same quarter it was set — and disclosed openly by management — is an execution velocity failure in the core restructuring program. At ₹75 crores/month in fixed costs against a revenue base generating operating pressure, every quarter of delay in fixed-cost reduction directly extends the loss period. This pattern of setting targets and missing them mirrors the sales execution failure admitted in the same calls.","No direct quote available",Negative,Q2 FY26,Critical,"Publicly missed fixed-cost reduction target signals restructuring execution risk — the same organizational pattern that drove the A&M engagement in the first place is now threatening to delay its results.",Q2 FY26 Transcript (INVESTOR_ANALYST),"Q2 FY26 Transcript Page 2"
8,Gross Margin Strategy,"Motor Division PBDIT loss deepened to ₹5.75 crores FY25 vs ₹0.61 crores loss FY24 — 9.4x worse YoY; revenue de-grew 18% due to universal motor to BLDC technology transition; path to profitability timeline not disclosed","A division losing money at 9.4x the prior year's rate with revenue shrinking 18% represents accelerating capital destruction. The underlying cause — technology transition from universal motors to BLDC — is creating a structural revenue gap: the existing product line is being made obsolete faster than the replacement product ramps. Without a disclosed recovery timeline, the stranded capital risk is unquantifiable.","We have initiated several measures to reduce input costs by 6%, including value analysis/value engineering (VA/VE), exploring alternative suppliers, and minimizing rejection rates.",Negative,FY24–FY25,High,"Motor Division losses accelerating at 9.4x with revenue declining 18% and no disclosed profitability timeline is a contained but escalating capital destruction problem requiring a structured turnaround plan.",AR 2024-25 (INTEGRATED_GOVERNANCE),"AR 2024-25 Motor Division section; Strategic Signals Summary Line 353"
9,Gross Margin Strategy / Subsidiaries,"IFB Refrigeration Ltd associate company: share of loss ₹18 crores FY25 (vs ₹24.6 crores FY24) — PAT-negative despite first EBITDA-positive year; no timeline to full PAT profitability disclosed","₹18 crores of associate losses flowing into IFB's consolidated P&L annually — ₹42+ crores consumed in two years — represents persistent balance sheet leakage. The associate became EBITDA positive in FY25 (first time) but remains PAT-negative, meaning capital is still being consumed. Without a PAT breakeven timeline, the Board and investors cannot assess how much longer the associate requires support.","They need to produce about 60,000/month at right mix for decent profit – they are at about 40,000/month in Q1 FY 26.",Negative,FY24–FY25,High,"Associate losses of ₹18 crores annually with no disclosed PAT breakeven timeline is an ongoing balance sheet drag — A&M would assess whether accelerated turnaround or strategic exit is the better capital allocation decision.",AR 2024-25 (ANNUAL_GENERAL_MEETING),"AR Lines 319–320; Strategic Signals Summary Line 357"
10,Retail Footprint / Market Share,"South India — historically IFB's strongest region — is now weak due to manning gaps; South is described as India's largest market","Losing market share in your historically strongest and largest geography due to an internal resource deployment failure — not a product or competitive disadvantage — is a recoverable, self-inflicted revenue leak. The geography that IFB has the brand heritage and service infrastructure to win is the geography where it is currently underperforming due to a fixable people problem.","the region where we were historically strong but now weak because of manning issues is South. And South is the largest market.",Negative,FY25–FY26,High,"Geographic share loss in the largest Indian market due to internal manning failure — not competitive disadvantage — represents the highest-ROI single sales force restructuring opportunity.",Q4 FY25 Transcript (INVESTOR_ANALYST),"Q4 FY25 Transcript Page 10"
11,Cost Structure / Localization,"Import dependency on critical components — compressors, copper tubes, electronic parts, and inverter drives sourced overseas; euro appreciation increased dishwasher material cost by approximately 10% in Q2 FY26 with no net margin benefit after GST pass-through","Unhedged FX exposure on the highest-cost components in AC and refrigerators — IFB's two growth categories — creates direct and uncontrollable P&L vulnerability. The dishwasher episode in Q2 FY26 demonstrates the mechanism with clarity: a 10% euro appreciation fully neutralized the GST reduction benefit. There is no disclosed hedging policy, meaning this risk is both structural and unmanaged.","since the inputs are denominated in euros, so the cost has gone up by 10%. So, to that extent, the price has gone up. So, after the GST increased, after passing on the benefit to the customer, there is no net benefit to IFB in terms of margins.",Negative,FY25–FY26 (ongoing),High,"Unhedged import exposure on growth-category components means margin improvements from operations or policy tailwinds can be fully negated by currency movements — a structural risk with no current mitigation.",AR 2024-25 (INTEGRATED_GOVERNANCE); Q2 FY26 Transcript (INVESTOR_ANALYST),"AR Lines 3082–3084; Q2 FY26 Transcript Page 11"
12,Capacity Utilization,"Refrigerator at approximately 40,000 units/month in Q1 FY26 — significantly below target of 55,000–60,000/month stated as necessary for 'decent profit'; range limited to up to 285 litres only","Manufacturing at 67–73% of the volume required for profitable operations means the refrigerator category is consuming fixed manufacturing cost, management bandwidth, and supply chain infrastructure without generating the returns that justify the investment. The range limitation (only up to 285 litres) further caps the addressable market and average selling price — compounding the volume shortfall with a mix shortfall.","They need to produce about 60,000/month at right mix for decent profit – they are at about 40,000/month in Q1 FY 26.",Negative,FY25–FY26,High,"Refrigerator operating below profit-threshold volume with an incomplete product range is a capital-inefficient state — A&M would assess whether the path to 60,000/month and range expansion is executable or whether the capital allocation should be reconsidered.",AR 2024-25 (ANNUAL_GENERAL_MEETING),"AR Lines 319–320"
13,Pricing Strategy,"Competition actively buying market share through undercutting and offering large channel margins; IFB's quality and feature-led positioning is under sustained price-based competitive pressure","Competitors systematically subsidizing channel margins while IFB refuses cashbacks creates a structural volume share erosion dynamic that compounds over time. Every quarter IFB maintains its feature-led positioning while competitors escalate channel incentives, the gap between IFB's scheme payout and competitors' widens — making channel partner retention harder and scheme rationalization riskier simultaneously.","Continued attempts to 'buy' market share by undercutting and offering large margins to the channel. This is increasing competitive intensity.",Negative,FY25–FY26 (ongoing),High,"Competitor margin wars directly constrain IFB's room to rationalize its own ₹1,500 crore scheme payout — the two restructuring levers (scheme reduction and competitive positioning) work against each other without a pricing strategy resolution.",AR 2024-25 (INTEGRATED_GOVERNANCE); Q2 FY26 Transcript (INVESTOR_ANALYST),"AR Line 3048; Q2 FY26 Transcript Page 13"
14,Operational Intelligence,"Revenue and margins 'have not been good over the last two fiscal years' — management's own verbatim Annual Report disclosure; FY25 best year still missed internal target","Two consecutive years of below-target performance followed by a 'best year' that still falls short of the internal target confirms this is a structural operating model problem, not a cyclical downturn. The unusual candor of this AR disclosure — written by management for shareholders — indicates the board has accepted that the performance gap requires acknowledgment and external resolution.","We are aware that revenue and margins have not been good over the last two fiscal years.",Negative,FY23–FY25 (multi-year),High,"Consecutive years of self-acknowledged below-target performance in both revenue and margins — disclosed verbatim in the Annual Report — is the definitional justification for an external turnaround mandate.",AR 2024-25 (INTEGRATED_GOVERNANCE),"AR Line 2712; AR Lines 220–222"
15,Market Share,"Company explicitly states it is not extracting revenues in line with its network and product basket — multi-year revenue underperformance vs distribution and product potential","Self-diagnosed revenue extraction failure against an existing dealer network of 4,172 dealers and a full multi-category product range confirms the problem is organizational — not asset-based or market-based. The company has invested in distribution breadth and product depth but lacks the execution capability to convert them into revenue at the potential rate. This is precisely the type of hidden value that A&M's commercial operations practice can unlock.","not extracting revenues in line with our network and product basket.",Negative,FY23–FY25 (multi-year),High,"Revenue extraction failure against existing assets — distribution and product — is recoverable revenue that does not require capital investment, only execution improvement.",AR 2024-25 (INTEGRATED_GOVERNANCE),"AR Line 2712"
16,Cost Structure,"Ancillary costs +31.5% YoY (₹138.68 crores vs ₹105.47 crores); stores and spares +21.1% (₹289.03 crores vs ₹238.77 crores); freight +16.2% (₹155.99 crores vs ₹134.29 crores) — all materially outpacing revenue growth of +14.6%","Three simultaneous indirect cost lines growing at 1.1x to 2.2x the pace of revenue indicates loose cost governance across manufacturing and logistics — not just in procurement. The freight overshoot of ₹22 crores directly validates A&M's logistics optimization mandate. The stores/spares overrun of ₹50 crores suggests manufacturing process inefficiencies or excessive preventive maintenance spend.","approximately Rs. 80 crores will come in our P&L in FY '26",Negative,FY24–FY25,High,"Three indirect cost categories simultaneously exceeding revenue growth rate signals a systemic cost governance failure — the A&M mandate should assess whether these overruns are structural or addressable through process discipline.",AR 2024-25 (INTEGRATED_GOVERNANCE); Q4 FY25 Transcript (INVESTOR_ANALYST),"AR Notes 23–29 Lines ~19740–20110; Q4 FY25 Transcript Page 4"
17,Retail Footprint / Market Share,"UP market underperforming while adjacent states Haryana and Rajasthan perform well — geographic execution inconsistency within the same North India region","IFB's underperformance in UP — a high-population, high-consumption state — while the same product, brand, and distribution model succeeds in neighboring states confirms this is a manning and execution problem rather than a market structure barrier. The revenue gap is directly recoverable through a targeted sales force deployment and manager quality improvement in UP.","We have not done well in UP but we have done much better in Haryana and Rajasthan.",Negative,FY25–FY26,Medium,"Same product succeeding in adjacent states but failing in UP confirms a recoverable sales execution gap — high-ROI intervention that does not require product or pricing changes.",Q4 FY25 Transcript (INVESTOR_ANALYST),"Q4 FY25 Transcript Page 10"
18,Gross Margin Strategy,"AC business EBITDA approximately 1.7% positive in FY25 — first profitable year; target is 5%+ EBITDA; AC market share negligible nationally with 8–9% only in specific North India pockets","AC turned EBITDA positive for the first time in FY25 at a marginal 1.7% — a structurally fragile first-year profitability. The 330 bps gap between current margin and target (5%+) means the business requires sustained volume scaling, cost reduction (BLDC localization), and geographic expansion to achieve structural viability. Any demand disruption — as occurred in Q1 FY26 from unseasonal rains — can reverse the gain entirely.","The AC business reported a profit at PBDIT level for the first time in the year 2024-25.",Watch,FY25,Medium,"AC's first-year EBITDA positive is fragile at 1.7% — 330 bps below target with negligible national share; the business is a recovery story that has not yet proven itself durable across weather cycles.",AR 2024-25 (INTEGRATED_GOVERNANCE); Q4 FY25 Transcript (INVESTOR_ANALYST),"AR Line 3032; Q4 FY25 Transcript Pages 5 and 9"
19,Pricing Strategy,"GST reduction on AC created industry-level inventory disruption yielding no volume or margin benefit; GST reduction on dishwashers fully offset by euro appreciation leaving no net margin benefit for IFB","Two separate policy tailwinds — GST reductions on two product categories — converted to zero net P&L benefit due to channel inventory dynamics (AC) and unhedged currency exposure (dishwashers). This demonstrates a pattern: IFB cannot reliably capture policy upside because structural issues (channel inventory management, FX hedging) consistently neutralize it.","In AC, since there was an industry-level issue with regard to stock, though the benefit is there for the customer in terms of reduction in selling price because of the range. In last quarter, there was no benefit.",Negative,Q2 FY26,Medium,"Repeated inability to capture policy tailwinds — two instances in one quarter — indicates systemic operational and financial management gaps that transform positive external catalysts into neutral events.",Q2 FY26 Transcript (INVESTOR_ANALYST),"Q2 FY26 Transcript Page 11"
20,Cost Structure / Field Force,"Consumer finance and cashback attachment rate at 40–50% of all sales; company's stated positioning to sell on features and benefits contradicted by actual sales mechanics","If 40–50% of sales require financial incentives to close, the brand's premium quality positioning is insufficient to independently drive conversion — indicating pricing power weakness or inadequate brand pull relative to competitive alternatives. This also directly inflates the ₹1,500 crore annual scheme payout: consumer finance attachment is a component of that figure.","Consumer finance/cashback attachment: 40-50% of sales",Watch,FY25–FY26,Medium,"40–50% consumer finance attachment on a premium-positioned brand confirms that pricing power is insufficient to drive volume without incentive subsidy — a core problem the A&M scheme rationalization program must address.",Q2 FY26 Transcript (INVESTOR_ANALYST),"Q2 FY26 Transcript Page 13"
21,Retail Footprint / Distribution,"Dealer channel concentration increasing sharply: 56.91% of sales FY25 vs 50.55% FY24 — growing reliance on a single distribution type; top-10 dealers representing 28.42% of dealer sales","Dealer/distributor channel growing to 56.91% of total sales while alternative channels (e-commerce, LFR, IFB Points) remain at early stages creates a structural channel concentration risk. Any coordinated dealer action on margin demands, competitive pressure on dealer loyalty, or channel disruption would disproportionately impact revenue. The shift of 6.4 percentage points in one year is fast-moving.","Dealers: 4,172 (FY25) vs 3,799 (FY24); sales to dealers: 56.91% of total (FY25) vs 50.55% (FY24)",Watch,FY24–FY25,Medium,"Channel concentration growing 6.4 percentage points in one year toward dealer dependency while alternative channels remain nascent creates a structural revenue concentration risk.",AR 2024-25 (INTEGRATED_GOVERNANCE),"AR 2024-25 BRSR; Section 6b Lines 198–199"
22,Cost Structure / Supply Chain,"Chain localization under evaluation — ₹30–40 crores capex — driven by tightening BIS import regulations; Engineering division currently has no domestic alternative supply in place","Regulatory-forced localization of a critical engineering input with no domestic alternative creates a defined window of supply disruption risk. The ₹30–40 crore investment is reactive rather than strategic, and carries execution risk if BIS restrictions activate before the chain manufacturing unit is operational. Unlike electronics controller localization (completed) or BLDC motors (in progress), chain localization has not started.","We are also evaluating to setup its own chain manufacturing unit in response to tightening import regulations by Indian Government.",Watch,FY25–FY26,Medium,"Reactive regulatory-driven localization with no domestic alternative in place creates a defined supply continuity risk for the Engineering division — the company's highest-margin segment.",AR 2024-25 (INTEGRATED_GOVERNANCE); Q4 FY25 Transcript (INVESTOR_ANALYST),"AR 2024-25 Localization section; Q4 FY25 Transcript Page 13"
23,After-Sales Service,"Service franchisee cross-selling behavior creating customer experience tension — investors noted franchisees selling third-party materials during IFB service visits; management acknowledged but disclosed no remediation plan","Franchisee conflicts of interest during IFB service visits directly erode brand trust at the customer touchpoint IFB controls least well. For a company with a 4-year warranty commitment, 9 million customers, and an extended warranty expansion program, service quality is a brand equity lever — and an unmanaged franchisee cross-sell problem can convert service interactions (typically brand-building) into brand-damaging experiences.","the servicing of IFB washing machines have sometimes been a problem because the franchisee... end up selling so many other materials.",Watch,FY25–FY26,Medium,"Uncontrolled franchisee cross-selling across a 1,400-person service network is a brand protection gap that requires a franchisee governance and performance management framework.",Q2 FY26 Transcript (INVESTOR_ANALYST),"Q2 FY26 Transcript Page 13"
24,Cost Structure / Marketing,"Advertising and sales promotion declined -5.6% (₹284.97 crores FY25 vs ₹301.91 crores FY24); McKinsey separately tasked with 15–20% rationalization on ₹100–120 crore marketing base","Cutting marketing investment while simultaneously facing competitors who are buying market share with escalating channel subsidies creates a strategic tension — the brand's volume pull is being reduced at precisely the moment competitors are strengthening channel push. McKinsey's rationalization mandate may generate cost savings but risks further weakening IFB's brand visibility in a volume-sensitive market.","Marketing/advertising: ₹100-120 crores annually (including digital); McKinsey tasked with 15-20% rationalization",Watch,FY24–FY26,Medium,"Marketing cost reduction in a competitive environment where rivals are increasing channel investment creates a strategic risk — A&M would assess whether scheme rationalization and marketing cuts can be sequenced without triggering volume collapse.",Q2 FY26 Transcript (INVESTOR_ANALYST),"Q2 FY26 Transcript Page 14"
25,Gross Margin Strategy / Revenue,"Washer revenue stagnant at ₹1,700–1,800 crores for 2–3 consecutive years — the core category generating approximately 35% of total revenue with zero organic growth","A multi-year revenue plateau in the primary category forces the business to over-rely on nascent categories that have thinner margins and higher execution risk. The 'growth story' is entirely built on AC and refrigerator ramp-up — both of which are first-year or early-EBITDA-positive businesses. If washer revenue does not restart growth, the business faces a structural revenue quality problem even if total headline growth continues.","Our problem, if you see, is that AC is doing better, refrigerator is doing better, but the FL sale's stagnated, that has become the problem.",Negative,FY23–FY25,Medium,"Stagnant core category (~35% of revenue) for 2–3 years forces excessive dependence on early-stage growth categories — creating structural revenue quality and margin fragility.",Q4 FY25 Transcript (INVESTOR_ANALYST),"Q4 FY25 Transcript Pages 6 and 15"
26,Contract Manufacturing / M&A,"49 M&A proposals reviewed for engineering expansion with revenue range ₹150–800 crores each; 3 active proposals under consideration; no completed transaction disclosed","A 49-proposal M&A funnel with zero completions over a multi-quarter period creates management bandwidth risk while delivering no strategic outcome. The volume of proposals assessed without a single transaction completed may indicate either excessive valuation discipline or inadequate deal execution capability. In the context of unresolved operational problems in the core business, active M&A pursuit is a distraction risk.","The Company is actively seeking and evaluating various M&A opportunities... Overall, we have seen forty-nine proposals with sales varying between ₹150 to 800 crore.",Watch,FY25–FY26,Medium,"49 M&A proposals reviewed with zero completions while core operational gaps remain unresolved raises M&A execution discipline and management bandwidth allocation questions.",AR 2024-25 (INTEGRATED_GOVERNANCE),"AR Lines ~2608–2610"
27,Gross Margin Strategy / Capital,"No dividend declared for FY25 — board decided to conserve resources for working capital and capital expenditure despite ₹128.79 crores in PAT","Dividend suspension in a year when PAT grew +87% to ₹128.79 crores signals that cash requirements for working capital, capex expansion, and external consultant fees (A&M and McKinsey) are consuming all internally generated cash. This is consistent with a business in active operational restructuring — capital conservation is appropriate but confirms the company is not yet generating distributable surplus.","No dividend declared for FY25 — resources conserved for working capital and capex",Watch,FY25,Medium,"Dividend suspension despite +87% PAT growth signals a capital-constrained restructuring environment where all internally generated cash is required for operational and capex needs.",AR 2024-25 (INTEGRATED_GOVERNANCE),"AR Lines 1660–1661"
28,After-Sales Service,"After-sales service cost as percentage of revenue: NOT DISCLOSED; total cost quantum of servicing 9 million+ customers through 1,400 franchisees and 250 call center staff is opaque","A company with 9 million customers, 1,400 service franchisees, 29 training centers, 4-year warranty commitments, and a warranty extension program on 23 additional SKUs cannot quantify its total after-sales service cost in any publicly available disclosure. This analytical opacity is both a governance concern and a financial risk management gap — service cost escalation could be a hidden P&L pressure invisible to management and investors alike.","We have a total of 1400 service franchisees across India. Currently, we have 29 service training centres, which are fully equipped to impart training on all aspects of assembly, dismantling, installation and trouble-shooting.",Watch,FY25,Medium,"Undisclosed after-sales service cost quantum in a warranty-intensive business with 9 million customers is a financial opacity risk — service cost growth is untracked and could be structurally escalating.",AR 2024-25 (INTEGRATED_GOVERNANCE),"AR Lines 3064–3065; Section 10"
29,Contract Manufacturing / Subsidiaries,"GAAL (Singapore) and TAAL (Thailand) subsidiary detailed FY25 financials inaccessible — source URLs returned 404; financial exposure assessable only from Chairman's letter summary","International subsidiary opacity at two entities means consolidated intercompany exposures, related-party transactions, and true subsidiary financial health cannot be independently verified. In a turnaround context, hidden subsidiary liabilities or off-balance-sheet obligations at GAAL or TAAL could materially affect the consolidated restructuring picture. The available summary data (GAAL: ₹85 crores revenue, 10.9% PBDIT; TAAL: ₹66 crores, 6.09%) is unverified chairman-level disclosure.","GAAL: ₹85 crores revenue FY25 (+30% YoY); PBDIT 10.90% | TAAL: ₹66.33 crores revenue FY25; PBDIT 6.09%",Watch,FY25,Medium,"Inaccessible subsidiary financials for two international entities is a due diligence gap — full A&M engagement would require direct financial access to assess consolidated exposure accurately.",AR 2024-25 (INTEGRATED_GOVERNANCE),"AR Lines 293–295; AR Line 308; Evidence Gaps section"
30,Localization,"Compressors and copper tubes still sourced overseas; no localization program or timeline disclosed for either component — core appliance FX and supply chain risk remains structurally unresolved","Compressors are the highest-cost single component in AC and refrigerators — IFB's two growth categories. Unlike electronic controllers (100% localized) or BLDC motors (in commercial production), compressor and copper tube localization has no roadmap in any available disclosure. This means the growth categories IFB is counting on for its revenue recovery carry unhedged, unmitigated FX and supply chain exposure at their most expensive input.","Key components used in the manufacture of the division's critical products—such as compressors, copper tubes, electronic parts, and inverter drives—are sourced from overseas suppliers.",Watch,FY25–FY26 (ongoing),Medium,"Compressor and copper tube localization absence — with no roadmap disclosed — leaves IFB's two growth categories structurally exposed to FX and supply disruption at their highest-cost inputs.",AR 2024-25 (INTEGRATED_GOVERNANCE),"AR Lines 3082–3084"
31,Localization / Exports,"Export contribution only 0.44% of total revenue — heavily concentrated domestic business with negligible international diversification","IFB has import-heavy input costs (compressors, copper tubes, inverter drives, chains) but earns essentially no foreign currency through exports. This asymmetry means every import FX movement creates a one-directional P&L impact with no natural offset. The structural FX exposure is not a treasury management problem — it is a business model imbalance.","Export contribution: 0.44% of revenue",Watch,FY25,Low,"Import-heavy cost base with 0.44% export revenue creates a one-directional FX exposure — there is no natural currency hedge in the business model.",AR 2024-25 (INTEGRATED_GOVERNANCE),"AR Line 5114"
32,Pricing Strategy,"PLI incentive for AC: total ₹9 crores received (₹6 crores in FY25) — minimal capture relative to 4 lakh annual AC units produced and sold","PLI receipts of ₹9 crores on 4 lakh annual AC units is minimal by industry benchmarks. For a company that has been manufacturing ACs for multiple years and is now targeting 5 lakh units, the PLI capture quantum suggests either limited PLI-eligible capital investment in this scheme cycle or administrative claim optimization gaps. Peers with higher PLI-eligible investment bases are capturing materially more.","obtained incentive of ₹9 crores, out of which ₹6 crores earned during financial year 2024-25.",Watch,FY25,Low,"Minimal PLI capture relative to AC manufacturing scale suggests either underinvestment in eligible capex or administrative optimization gap — both addressable through a dedicated incentive maximization workstream.",AR 2024-25 (INTEGRATED_GOVERNANCE),"AR Lines 2760–2762"
33,Cost Structure / Human Capital,"Employee median remuneration increased 16.70% YoY in FY25 — growing faster than revenue (+14.58%) and significantly ahead of total employee benefits expense (-0.7%) — implying headcount reduction at lower pay levels","Median remuneration growing faster than revenue is a unit labor cost pressure signal. The combination of +16.70% median pay growth and -0.7% total compensation cost implies headcount was reduced at the lower end of the pay scale to fund mid-level salary increases. In a company with acknowledged field execution and counter-presence gaps, reducing lower-level headcount may directly compound the manning problems the Chairman has repeatedly identified.","Median remuneration increase: 16.70% in FY25",Watch,FY25,Low,"Median pay growing faster than revenue while total headcount cost is flat implies lower-level headcount reduction — potentially worsening the field execution gaps management has publicly acknowledged.",AR 2024-25 (INTEGRATED_GOVERNANCE),"AR Lines 4186–4195"
34,Cost Structure / Field Force,"Counter-sales representative (CSR) count and per-capita productivity: NOT DISCLOSED; improvement described as underway without any quantified target or baseline","In a company whose Chairman has repeatedly identified counter-level execution as the primary structural problem, the total CSR headcount, territory coverage, and productivity per CSR are not disclosed in any publicly available document. The absence of these metrics suggests that even internal measurement of this critical variable may be inadequate — you cannot manage what you do not measure.","Efforts are underway to improve counter-sales representative productivity and optimize market coverage.",Watch,FY25–FY26,Low,"Absence of quantified field force metrics in a business with a Chairman-acknowledged execution problem at the counter level suggests the measurement infrastructure to manage this problem may not exist.",Q2 FY26 Transcript (INVESTOR_ANALYST),"Q2 FY26 Transcript Page 2"
35,Gross Margin Strategy / Transparency,"Segment-level gross margins by product line (FL washer, TL washer, AC, refrigerator, microwave, dishwasher) not disclosed; PBDIT reported at division level only","Product-level margin opacity prevents identification of which specific categories are margin-dilutive and which are accretive. In a business with seven active product lines at different maturity stages, division-level PBDIT averaging is insufficient to prioritize restructuring interventions. A&M would require product-level margin data as a day-one diagnostic requirement.","PBDIT trend: FY24: 5.53% → FY25: 6.52% → Q2 FY26: 7.7% → H1 FY26: 6.5%",Watch,FY25,Low,"Product-level margin opacity prevents prioritization of restructuring interventions by category — a foundational data gap for any structured A&M engagement.",AR 2024-25 (INTEGRATED_GOVERNANCE),"Evidence Gaps section"
36,Gross Margin Strategy,"Motor Division path to profitability: 14% PBDIT target stated as achievable at full capacity — but no timeline to reach full capacity or achieve the profitability target disclosed","A 14% PBDIT target with 'at full capacity' as the qualifier — but without any disclosed capacity ramp timeline — leaves the Motor Division investment case unquantifiable. Management and investors cannot assess how much additional capital must be consumed before the division reaches breakeven, let alone 14% PBDIT. This is a classic stranded-asset risk profile.","We have initiated several measures to reduce input costs by 6%, including value analysis/value engineering (VA/VE), exploring alternative suppliers, and minimizing rejection rates.",Watch,FY25,Low,"Motor Division profitability target contingent on 'full capacity' with no disclosed capacity ramp timeline creates an unquantifiable capital destruction risk.",AR 2024-25 (INTEGRATED_GOVERNANCE),"AR 2024-25 Motor Division section; Evidence Gaps section"
37,Industry vs Company Growth,"Standalone revenue grew +14.58% YoY to ₹4,977 crores in FY25; PBT of ₹171.26 crores; consolidated revenue +14.73% to ₹5,091.71 crores — strongest growth year on record","Strong headline revenue growth provides a growing base on which A&M cost reduction programs can deliver expanding absolute savings. However, the growth is multi-segment and masks FL core stagnation — the quality of growth (new, low-margin categories vs proven high-margin categories) matters as much as the quantity.","Your company completed year 2024-25 with moderate increase of 14.58% on revenue terms, and earned PBT of ₹171.26 Crores. The net revenue from operations grew by 14.63% to ₹4,942.28 Crores.",Positive,FY25,Informational,"Best-ever revenue year is a positive base for restructuring programs — the A&M ₹200 crore savings target operates on a growing denominator — but headline growth quality is masked by FL stagnation.",AR 2024-25 (INTEGRATED_GOVERNANCE),"AR Lines 1647–1649; AR Lines 1663–1664"
38,Operational Intelligence,"PAT +87% YoY: ₹128.79 crores (FY25) vs ₹68.88 crores (FY24); PBDIT +35.13% to ₹324.61 crores (6.52%)","PAT nearly doubling on +14.6% revenue demonstrates significant positive operating leverage — confirming that revenue increments flow to the bottom line at a multiplied rate. This leverage works in both directions: the same mechanism that amplified FY25 earnings can amplify losses if revenue growth reverses. FY26 Q1 (AC rains disruption) and FY26 H1 (8.4% growth vs 14.6% prior year) suggest the leverage is already beginning to moderate.","PAT FY25: ₹128.79 crores vs ₹68.88 crores FY24",Positive,FY24–FY25,Informational,"Strong earnings growth on modest revenue growth confirms positive operating leverage — a double-edged dynamic that also amplifies downside risk when volume growth slows.",AR 2024-25 (INTEGRATED_GOVERNANCE),"AR Financial Summary"
39,Industry vs Company Growth,"Q2 FY26 revenue ₹1,327 crores (+11.5% YoY); H1 FY26 revenue ₹2,637 crores (+8.4% YoY); Q4 FY25 revenue ₹1,312 crores (+23% YoY)","Revenue growth is sustained into FY26 at a moderating pace (14.6% → 8.4%). The moderation — while still positive — is consistent with the AC category facing Q1 disruption and FL stagnation continuing. A&M restructuring programs operate on a still-growing base which improves payback period estimates.","Revenue for the quarter was Rs. 1,312 crores against last year's Rs. 1,067 crores with a growth of 23%.",Positive,FY26 H1,Informational,"Revenue growth moderating from 14.6% to 8.4% in H1 FY26 — while still positive — suggests the FY25 growth tailwinds (summer AC demand, refrigerator ramp) are normalizing.",Q4 FY25 Transcript (INVESTOR_ANALYST),"Q4 FY25 Transcript Page 2; Q2 FY26 Transcript Page 2"
40,Capacity Utilization,"Front load washer capacity at 92–93% in September–October FY26 (capacity 85,000/month); top load at 95% in September FY26 (capacity 60,000/month) — both near ceiling; 10–15% expansion planned","Near-capacity utilization in IFB's core washing machine categories confirms strong demand absorption and validates planned expansion capex. High utilization in the core category — even while industry is described as stagnant — demonstrates IFB is gaining share within a flat market, consistent with the 1.5–2% share gain disclosed in transcripts.","As far as the front load is concerned, our capacity has been 85,000 per month. And in the month of September and October, we are almost used to 92% to 93%.",Positive,Q2 FY26,Informational,"92–95% capacity utilization in core washer categories confirms demand is absorbing current production and justifies expansion investment — the strongest capital efficiency signal in the business.",Q2 FY26 Transcript (INVESTOR_ANALYST),"Q2 FY26 Transcript Page 7"
41,Gross Margin Strategy,"Engineering Division PBDIT margin 16.2% (₹135.40 crores on ₹835.15 crores revenue) — 2.5x the blended company PBDIT margin; high-margin anchor segment","Engineering's 16.2% PBDIT is the highest-margin business in the IFB portfolio and structurally cross-subsidizes the Appliance division's recovery investment. The EV-neutral + EV-positive order book positioning (51% of new orders) adds durability to this earnings stream through India's automotive transition.","No direct quote available",Positive,FY25,Informational,"Engineering's 16.2% PBDIT is the consolidated P&L anchor — its stability enables the company to sustain appliance recovery investment (A&M mandate, capex) without jeopardizing earnings.",AR 2024-25 (INTEGRATED_GOVERNANCE),"AR Line 2511; Section 6a"
42,Market Share / Industry Growth,"Top load washer growth 27% in Q4 FY25 vs industry growth of 15–16%; IFB gaining 1.5–2% market share in both FL and TL categories","Outperforming industry growth by approximately 11 percentage points in TL washers on near-capacity manufacturing confirms strong product-market fit in this sub-category. Gaining 1.5–2% share in both FL and TL despite total FL industry stagnation indicates IFB is winning within a flat market — share gains are organic, not market-driven.","In top-loaders... our growth in 4th Quarter was around 27% against the industry's growth of 15% to 16%.",Positive,Q4 FY25,Informational,"Above-market TL washer growth on near-capacity utilization validates product positioning and points to genuine market share gain even in a stagnant total category.",Q4 FY25 Transcript (INVESTOR_ANALYST),"Q4 FY25 Transcript Page 3"
43,Market Share / Industry Growth,"Dishwasher market grew approximately 30–35%; IFB grew faster than category; IFB is the only brand offering 14–16 place settings — unique product feature creating premium differentiation","IFB's dishwasher category is the clearest evidence that the company's premium feature-led positioning can work when backed by genuine product differentiation (size leadership). Growing faster than a 30–35% growth market on the back of a feature no competitor offers validates the brand strategy — and provides a reference model for how the same approach could be extended to stagnant categories like FL washers with appropriate product upgrades.","DW market recorded an approx. growth of 30~35% over last year & comparatively we have experienced a better growth.",Positive,FY25,Informational,"Dishwasher success provides proof of concept for IFB's premium positioning strategy — it works when differentiation is intrinsic to the product, not subsidized through channel incentives.",AR 2024-25 (INTEGRATED_GOVERNANCE),"AR Line ~2910"
44,Localization,"Electronic controllers for washers and AC — including high-end inverter controllers — 100% localized; completed milestone eliminating FX risk on this component","Full localization of electronic controllers — a high-technology, previously imported component — eliminates FX exposure, reduces procurement lead times, and lowers unit cost. This completed milestone is IFB's most advanced localization achievement and serves as the roadmap template for BLDC motors and, eventually, compressors.","The electronic controllers (and the high-end inverter controllers included) for both washer and air conditioner business have been 100% localised.",Positive,FY25,Informational,"Completed electronic controller localization is IFB's most mature supply chain improvement — a permanent cost and FX benefit that validates the localization strategy's feasibility at scale.",AR 2024-25 (INTEGRATED_GOVERNANCE),"AR Lines 3711–3712"
45,Localization,"BLDC motor commercial production started for FL washers in Q3 FY25; AC motor trial started March 2025 with commercial target by Q2 FY26; TL at 30% penetration targeting 100% by end FY26","Progressive BLDC motor localization across all three major product lines simultaneously creates compounding margin improvement: each localized motor eliminates import cost plus FX risk, improves BEE star ratings, and creates OEM supply optionality. The FL completion provides an execution track record that improves confidence in TL and AC delivery timelines.","We have started commercial production of BLDC motors for Front Load washing machines in Q3 of this financial year.",Positive,FY25–FY26,Informational,"Active BLDC localization across FL, TL, and AC simultaneously is a multi-crore compounding cost improvement program — the most impactful single supply chain initiative in the company.",AR 2024-25 (INTEGRATED_GOVERNANCE),"AR Line 256; AR Lines 258–259"
46,Operational Intelligence / Balance Sheet,"Net debt zero as of June 30 2025; cash balance ₹344 crores as of May 2025; total debt at FY25 year-end only ₹97.70 crores","A debt-free balance sheet provides IFB with maximum operational flexibility during the restructuring period. The ability to fund A&M and McKinsey engagements, expand manufacturing capacity (₹100–130 crores appliance capex + ₹45+ crores engineering capex in FY26), and potentially execute M&A without incurring debt is a critical enabler. Most companies requiring turnaround engagement are burdened by leverage — IFB is not.","Net Debt: Zero as of June 30, 2025; Cash: ₹344 crores (May 31, 2025)",Positive,FY25–FY26,Informational,"Debt-free balance sheet with ₹344 crores cash is IFB's most important strategic flexibility asset — it enables full restructuring investment without balance sheet risk.",AR 2024-25 (INTEGRATED_GOVERNANCE),"AR Lines 263–265"
47,Retail Footprint,"IFB Points expanding rapidly: 487–500 stores currently; target 750 by end FY26; conversion model proven in properly staffed locations","Proprietary exclusive stores address the multi-brand retailer execution gap by providing controlled brand display, full product range, and dedicated IFB-trained staff. The model is proven in well-manned stores — and the path to 750 stores represents a direct structural improvement to the counter-level execution problem the Chairman has repeatedly flagged. If the manning improvement programs succeed, these stores are a high-ROI distribution investment.","currently, we have around 487 to 500-odd stores. And our expansion plan for this financial year is to take it to around 700 plus... touching around 750-odd IFB Points by the end of this financial year.",Positive,FY25–FY26,Informational,"IFB Points expansion toward 750 stores is the most credible structural solution to the counter-level execution gap — controlled brand environment eliminates the multi-brand dilution problem.",Q4 FY25 Transcript (INVESTOR_ANALYST),"Q4 FY25 Transcript Pages 13–14"
48,After-Sales Service / Market,"9 million+ customer base with high potential for recurring revenue through additives, accessories, and service; Blinkit partnership for consumable delivery","9 million installed customers is a recurring revenue asset requiring zero new customer acquisition cost. The Blinkit partnership for consumables creates a direct-to-consumer recurring revenue stream alongside the franchise service network. If the call center outbound program is systematically scaled, this installed base becomes a predictable, high-margin annuity revenue source.","IFB's 9 million plus customer base has a high potential for the company to generate revenues through the sale of additives and accessories.",Positive,FY25,Informational,"9 million customer base is an undermonetized recurring revenue asset — structured cross-sell and service monetization is a capital-light high-margin opportunity.",AR 2024-25 (INTEGRATED_GOVERNANCE),"AR Lines 2978–2980"
49,Capacity Utilization / Engineering,"Engineering fine blanking: 15–18% organic revenue growth achievable within existing capacities; stamping at effective capacity of approximately ₹7 crores/month","Engineering division can grow 15–18% without incremental capex in fine blanking — generating cash efficiently on existing infrastructure. This capital-light growth profile contrasts with the appliance division's expansion requirement and provides the cash generation headroom needed to fund restructuring investments.","we could still grow by about 15% to 18% with existing capacities",Positive,FY25,Informational,"Engineering's organic 15–18% growth headroom without capex is a capital-efficient cash generation lever that funds appliance division restructuring without requiring new capital.",Q4 FY25 Transcript (INVESTOR_ANALYST),"Q4 FY25 Transcript Page 12"
50,Market Share / Industry Growth,"Engineering Division: EV-neutral and EV-positive orders represent 51% of new order bookings — automotive EV transition risk proactively mitigated","More than half of new engineering order bookings are compatible with or specific to EV powertrains — proactive portfolio repositioning ahead of India's automotive electrification transition. The 51% EV-resilient order mix reduces the long-term structural risk from ICE phase-down that represents an existential threat for many traditional auto component suppliers.","auto component industry's market share has significantly expanded; EV-neutral + EV-positive order booking 51% of new orders",Positive,FY25,Informational,"51% of new engineering orders EV-compatible confirms deliberate future-proofing of the highest-margin business segment — reducing long-term structural disruption risk.",AR 2024-25 (INTEGRATED_GOVERNANCE),"AR 2024-25 Engineering section"
51,Contract Manufacturing / Strategy,"Advanced Electronics Division (AED) established; dedicated plant being set up in Bangalore for Titan electronics manufacturing; ₹20–25 crores capex","A new electronics contract manufacturing vertical with a confirmed anchor customer (Titan) provides initial revenue certainty and leverages IFB's existing electronics engineering capability. Diversification into B2B electronics manufacturing reduces dependence on domestic consumer appliance cycles. However, this investment adds management bandwidth demand during a period when the core business requires focused operational attention.","With the global realignment of electronics manufacturing towards India, IFB has ventured into this high-growth sector by establishing a new vertical—Advanced Electronics Division (AED). Hence, a dedicated plant is being set up in Bangalore, to meet the requirements of a strategic customer.",Positive,FY25–FY26,Informational,"AED creates a new revenue stream on existing electronics capability — positive for diversification but should be monitored for management distraction risk during the core appliance restructuring period.",AR 2024-25 (INTEGRATED_GOVERNANCE),"AR Lines ~2596–2598"
52,After-Sales Service,"Customer satisfaction score above 90% and improved year-on-year; monitored by management on a weekly basis","A 90%+ satisfaction score across 9 million customers managed through a 1,400-franchisee network is a strong brand equity signal in a service-intensive category. Weekly management monitoring frequency demonstrates operational attention to service quality — the infrastructure to detect and respond to satisfaction deterioration exists.","above 90% and it has improved over last year.",Positive,FY25–FY26,Informational,"90%+ customer satisfaction with weekly monitoring provides a credible foundation for scaling the service monetization opportunity across the 9 million customer base.",Q2 FY26 Transcript (INVESTOR_ANALYST),"Q2 FY26 Transcript Page 13"
53,Operational Intelligence / Governance,"MSIPS incentive: ₹23.33 crores received for Goa washer plant; demonstrates track record in accessing government manufacturing incentive programs","Prior successful MSIPS receipt confirms IFB has the regulatory compliance infrastructure and incentive claim process to access government programs. This track record supports the case for optimizing future incentive capture — PLI (currently minimal at ₹9 crores), state-level capex incentives, and any new scheme-based government support for the electronics or AC manufacturing programs.","MSIPS incentive: ₹23.33 crores received for washer plant in Goa",Positive,Historical (FY25 receipt),Informational,"Proven incentive capture history validates infrastructure for future government program optimization — PLI, state incentives, and electronics manufacturing schemes should be systematically mapped for maximum eligible capture.",AR 2024-25 (INTEGRATED_GOVERNANCE),"AR Line 2783"
54,Pricing Strategy,"Price increase being pursued on front-load washing machines in FY26; management confirmed they are 'looking at price increase'","A planned price increase on the core FL washer category signals that management believes some pricing power exists despite competitive intensity from cashback-driven competitors. If successfully implemented without volume loss, this directly addresses the FL revenue stagnation — a price-led revenue uplift on the largest category without requiring volume growth.","In front-loading washing machines also, we are looking at price increase.",Watch,FY26,Informational,"Planned FL washer price increase is the simplest revenue lever for the stagnant core category — execution success would directly address the multi-year revenue plateau without requiring volume growth.",Q2 FY26 Transcript (INVESTOR_ANALYST),"Q2 FY26 Transcript Page 12"
55,Operational Intelligence / Localization,"A&M logistics optimization: targeting 10% reduction on ₹154 crores logistics cost (₹15+ crores savings); route optimization and warehouse count reduction in progress","Active A&M logistics workstream with a quantified target and defined levers (route optimization, warehouse consolidation) represents a near-term P&L improvement with clear deliverables. The risk — given the fixed-cost reduction miss in the same Q2 FY26 period — is execution velocity. The logistics program must demonstrate delivery to restore confidence in the broader A&M program timeline.","approximately Rs. 80 crores will come in our P&L in FY '26",Watch,FY26 (in progress),Informational,"Logistics A&M workstream is in progress with a ₹15+ crore target — positive near-term deliverable, but Q2 FY26 fixed-cost miss in the same period requires accelerated execution monitoring.",Q2 FY26 Transcript (INVESTOR_ANALYST),"Q2 FY26 Transcript Page 2"
