Rank,Indicator,Signal,Status,Time Period,Severity Level,Severity Rationale,Source Document,Line Reference
1,Gross Margin Strategy,"EBITDA Margin 5-year structural compression: FY20:5.2% → FY21:4.5% → FY22:3.6% → FY23:4.3% → FY24:4.1% → FY25:3.9% — declining over 5-year period",Negative,FY20–FY25,Critical,"Five-year uninterrupted margin compression despite 119% revenue growth signals structural inability to improve profitability at scale; A&M core restructuring trigger.",AR 2024-25 (INTEGRATED_GOVERNANCE),"Financial Snapshot, Page 47"
2,Contract Manufacturing Strategy,"Revenue concentration in mobile (85% of consolidated revenue = INR 33,043 crores of INR 38,880 crores) — Any volume softness in mobile creates outsized impact on consolidated P&L",Negative,FY25,Critical,"Single-segment concentration at 85% creates catastrophic downside risk; mobile volume Q3 FY26 already showing slight YoY decline; structural resilience highly constrained.",AR 2024-25 (INTEGRATED_GOVERNANCE); Q3 FY26 Results (QUARTERLY_FINANCIAL_REPORT),"Line 17755; Segment Data"
3,Contract Manufacturing Strategy,"Customer concentration not explicitly disclosed — only inferred from related party transactions; concentration % not stated",Watch,FY25,Critical,"Governance opacity on client concentration is itself a structural red flag; true revenue dependency on anchor clients (Bharti Airtel in telecom; top mobile OEM implied) unquantifiable from disclosures.",AR 2024-25 (INTEGRATED_GOVERNANCE),"Related Party Disclosures"
4,Localization Strategy,"India faces tough competition from established players like China, Vietnam, and other Southeast Asian countries, who often have better infrastructure and lower production costs.",Negative,FY25,Critical,"Existential competitive threat to India EMS cost positioning; China/Vietnam advantage is structural not cyclical; Dixon's 92%+ material cost pass-through leaves no buffer against client price pressure from competing geographies.",AR 2024-25 (INTEGRATED_GOVERNANCE),"Strategic Signals Summary"
5,Contract Manufacturing Strategy / Localization Strategy,"JV FDI approval risk: Vivo JV (51:49) still awaiting PN3 approval; HKC JV (display modules) subject to statutory approvals",Watch,Q2 FY26 onwards,Critical,"Two of Dixon's highest-value strategic JVs are execution-dependent on regulatory approvals; delay or denial could materially derail the backward integration and ODM growth thesis.",Q2 FY26 Transcript (INVESTOR_ANALYST); AR 2024-25 (INTEGRATED_GOVERNANCE),"Page 1; Page 5"
6,Pricing Strategy / Cost Structure,"Material cost as % of revenue increasing: 92.3% (9M FY25) → 92.7% (9M FY26) — slight increase year-over-year despite scale",Negative,9M FY25–9M FY26,High,"Despite 36% revenue growth in 9M FY26, material cost ratio is rising not falling — indicating scale is not delivering pass-through efficiency improvement; margin expansion thesis at risk.",Q3 FY26 Financial Results (QUARTERLY_FINANCIAL_REPORT),"Expenditure Analysis, Page 10"
7,Operational Intelligence,"Globally, LED TV market is witnessing subdued demand, primarily due to structural challenges and a significant shift in consumer preference.",Negative,FY25,High,"Structural demand shift (not cyclical) in one of Dixon's legacy high-volume segments; TV volume already declined from 3M to 2.4M; risk of sustained revenue decline in Consumer Electronics if ODM transition cannot offset.",AR 2024-25 (INTEGRATED_GOVERNANCE),"Line 5846"
8,Market Share,"TV volume decline: 3 million → 2.4 million units",Negative,FY24–FY25,High,"LED TV unit volume contraction in a segment where Dixon holds 37% outsourced market share; combined with global structural headwinds, signals possible prolonged share/revenue decline.",Q4 FY25 Transcript (INVESTOR_ANALYST),"Segment Data"
9,Gross Margin Strategy,"PAT Margin (excl exceptional): 2.2% (FY25) vs 2.1% (FY24) — improving but thin",Negative,FY24–FY25,High,"PAT margin of 2.2% leaves minimal buffer for operating surprises (commodity spike, volume shortfall, FX); any deterioration turns margin negative; restructuring upside is margin improvement.",AR 2024-25 (INTEGRATED_GOVERNANCE),"Financial Overview"
10,Gross Margin Strategy,"ROCE declining: 48.5% (FY25) → 45.1% (trailing 12M to Dec 25) as capex increases capital base",Watch,FY25–Q3 FY26,High,"Aggressive capex-driven capacity expansion is diluting capital efficiency; if new capacity does not ramp quickly, ROCE could deteriorate further — creating capital allocation optimization opportunity for A&M.",Q3 FY26 Financial Results (QUARTERLY_FINANCIAL_REPORT),"Results Commentary"
11,Cost Structure Strategy,"Depreciation rising from 0.7% (Q3 FY25) to 0.9% (Q3 FY26) of revenue — rising with aggressive capex program",Negative,Q3 FY25–Q3 FY26,High,"Rising depreciation as % of revenue compresses net margins even as EBITDA stabilizes; with INR 8,956 million capex in FY25 and new campus/JV investments ongoing, further depreciation step-up is certain.",Q3 FY26 Financial Results (QUARTERLY_FINANCIAL_REPORT),"Expenditure Analysis, Page 10"
12,Cost Structure Strategy,"The attrition rate is rising in the EMS industry.",Negative,FY25,High,"Rising industry-wide attrition in a 31,493-person labor-intensive manufacturing operation creates cost pressure, quality risk, and training overhead; particularly acute given 86% contractual workforce dependency.",AR 2024-25 (INTEGRATED_GOVERNANCE),"Line 17338"
13,Market Share,"Q3 FY26 Mobile segment revenue: INR 9,305 crores vs Q3 FY25 approximately INR 9,750 crores — slight YoY decline; significant sequential decline from Q2 FY26 INR 13,361 crores",Watch,Q3 FY25–Q3 FY26,High,"First indication of mobile revenue softness in the dominant segment (85% of revenue); sequential Q2→Q3 drop of INR 4,056 crores raises questions about client concentration and demand sustainability.",Q3 FY26 Financial Results (QUARTERLY_FINANCIAL_REPORT),"Segment Data"
14,Gross Margin Strategy,"Debtor Days deteriorated from 45 days (FY24) to 60 days (FY25) before recovering to 52 days (Q3 FY26) — client credit cycle lengthening as Dixon scales with larger clients",Watch,FY24–Q3 FY26,High,"Worsening debtor cycle signals that as Dixon scales with larger brand clients, working capital risk rises; 60-day peak vs 45-day historical norm indicates structural shift in client credit terms.",AR 2024-25 (INTEGRATED_GOVERNANCE); Q3 FY26 Financial Results (QUARTERLY_FINANCIAL_REPORT),"Financial Overview; Results Commentary"
15,Pricing Strategy,"The EMS industry, profit margins are relatively low.",Negative,FY25,High,"Industry-level structural margin constraint acknowledged by management; Dixon is not an outlier — it operates in a low-margin EMS industry with fundamental ceiling on value creation without vertical integration.",AR 2024-25 (INTEGRATED_GOVERNANCE),"Line 17312"
16,Operational Intelligence,"The announcement of the reduction in GST rates in mid-August led to a significant postponement of purchases across the trade and consumer channels... the short window of 9 days before the quarter end was insufficient to fully recover the deferred volumes.",Negative,Q2 FY26,Medium,"Regulatory-induced demand deferral materially disrupted Q2 FY26 consumer segment performance; pattern combined with BEE energy norm disruption indicates recurring regulatory disruption risk not yet managed.",Q2 FY26 Transcript (INVESTOR_ANALYST),"Page 2"
17,Pricing Strategy,"PLI share of income... around 0.6% of those mobile revenues",Negative,FY25,Medium,"PLI government support on the largest revenue segment (mobile at 85% of revenue) is negligible at 0.6%; structural dependence on private client volumes rather than government incentives creates margin fragility.",Q4 FY25 Transcript (INVESTOR_ANALYST),"Page ~19"
18,Retail Footprint / Manpower,"Contractual workforce: ~27,046 of 31,493 total employees — approximately 86% dependency on contract labor",Watch,FY25,Medium,"Extreme contractual workforce ratio creates labor quality, continuity, and regulatory risk; as Dixon scales into high-complexity manufacturing (IT hardware, display modules), skill continuity with contractual labor is a structural vulnerability.",AR 2024-25 (INTEGRATED_GOVERNANCE),"Line 9531"
19,Cost Structure Strategy,"13.4% YoY increase in permanent employees; 31.5% YoY increase in contractual employees — workforce growth skewed toward contractual",Watch,FY24–FY25,Medium,"Contractual workforce growing faster than permanent signals deliberate cost containment but heightens attrition, training, and IP retention risk as production complexity increases.",AR 2024-25 (INTEGRATED_GOVERNANCE),"Line 7110"
20,Cost Structure Strategy,"Consolidated employee benefits expense: INR 56,742 lakhs (FY25) vs INR 33,267 lakhs (FY24) — 70.5% YoY increase",Negative,FY24–FY25,Medium,"Absolute employee cost grew 70.5% YoY — even as % of revenue improved to 1.46% from 1.88%; absolute cost trajectory is steep and will compress margins if revenue growth slows.",AR 2024-25 (INTEGRATED_GOVERNANCE),"Financial Notes"
21,Capacity / Plant Utilization,"Capacity utilization rate: NOT DISCLOSED in any source — only capacity units and expansion plans disclosed",Watch,FY25–FY26,Medium,"Absence of utilization disclosure prevents assessment of capital efficiency; with aggressive capacity expansion (Noida campus, Longcheer JV, display module JV), underutilization risk is unquantifiable — a red flag for investor/consulting due diligence.",AR 2024-25 (INTEGRATED_GOVERNANCE); Q4 FY25 Transcript (INVESTOR_ANALYST); Q2 FY26 Transcript (INVESTOR_ANALYST),"Multiple sections — not disclosed"
22,Localization Strategy,"ECMS applications filed for display modules, camera modules, lithium-ion batteries, optical transceiver, mechanical enclosures; INR 3,000 crore investment commitment over 3 years — approvals not yet confirmed",Watch,Q2 FY26,Medium,"INR 3,000 crore backward integration commitment is execution-dependent on ECMS approval; approval risk introduces schedule uncertainty into the core margin-improvement thesis.",Q2 FY26 Transcript (INVESTOR_ANALYST),"Page 1–3"
23,Operational Intelligence,"BEE energy norm changes causing demand deferrals in refrigerators in Q2 FY26 — recurring regulatory disruption pattern",Negative,Q2 FY26,Medium,"Second distinct regulatory disruption (GST + BEE norms) in same quarter affecting consumer segment volumes; suggests Dixon's planning does not adequately buffer against India's regulatory environment volatility.",Q2 FY26 Transcript (INVESTOR_ANALYST),"Page 2"
24,Localization Strategy / Market Share,"Export revenue as % of total NOT clearly stated; management targets 15-20% of revenues from global markets — not yet quantified",Watch,FY25–FY26,Medium,"Gap between stated export aspiration (15-20%) and current unquantified actuals represents an unproven growth pillar; failure to achieve export scale leaves company fully exposed to domestic demand cycles.",AR 2024-25 (INTEGRATED_GOVERNANCE),"Multiple sections"
25,Localization Strategy,"Camera module scale-up: current 40 million units → target 190-200 million units per annum; INR 6,000–7,000 crores revenue target",Watch,FY26 onwards,Medium,"5x volume scale-up is ambitious; execution failure risks INR 6,000-7,000 crore revenue miss on a newly acquired (51% stake in Q Tech) platform — integration and ramp risk is material.",Q2 FY26 Transcript (INVESTOR_ANALYST),"Page 2"
26,Cost Structure Strategy,"Finance cost at 0.4% of revenue (Q3 FY26) — flat; absolute leverage quantum not fully quantified in accessible documents",Watch,Q3 FY25–Q3 FY26,Medium,"Finance cost as % of revenue is stable but with aggressive capex cycle, absolute debt service is rising; without full balance sheet visibility (only consolidated P&L %) the leverage risk is partially opaque.",Q3 FY26 Financial Results (QUARTERLY_FINANCIAL_REPORT),"Expenditure Analysis, Page 10"
27,Capacity / Plant Utilization,"Capex spent FY25: INR 8,956 million (~INR 896 crores) — aggressive investment cycle ongoing with multiple facility expansions simultaneously",Watch,FY25,Medium,"Simultaneous capex across Noida campus, display module JV, camera module integration, IT hardware facility, and AC PCB JV creates multi-front execution risk; cash flow pressure if revenue ramp lags investment.",AR 2024-25 (INTEGRATED_GOVERNANCE),"Line 7013 area"
28,Localization Strategy,"Display module JV Phase 2 includes TV and automotive displays; subject to statutory approvals; Phase 1 margin expected 'higher double digits'",Watch,Q2 FY26 onwards,Low,"Phase 2 execution (TV + automotive displays) is contingent on statutory approvals and Phase 1 success; TV market headwinds make Phase 2 timing uncertain; however, automotive displays mitigate this risk.",Q2 FY26 Transcript (INVESTOR_ANALYST),"Page 1"
29,After-Sales Service,"Specific after-sales service cost quantum: NOT DISCLOSED — only qualitative mentions of mobile after-sales subsidiary and warranty provisions",Watch,FY25,Low,"Absence of after-sales cost disclosure is a minor governance gap; given B2B nature, this is not a primary margin driver but warranty accruals on refrigerators and washing machines should be monitored.",AR 2024-25 (INTEGRATED_GOVERNANCE),"Line 50923; Line 2919"
30,Localization Strategy,"CIF Value of Imports disclosed in foreign exchange outgo section but exact values not clearly extractable — import dependency quantum not quantified",Watch,FY25,Low,"Without quantified import dependency %, the localization strategy's baseline cannot be benchmarked; this creates an evidence gap for assessing backward integration ROI.",AR 2024-25 (INTEGRATED_GOVERNANCE),"Foreign Exchange Section"
31,Capacity / Plant Utilization,"New Noida campus: 1.2 million sq ft dedicated mobile manufacturing, expected completion March 2026",Watch,FY26,Low,"Construction timeline risk is real but management-visible; if delayed, mobile capacity scale-up for FY27 is impacted; however, near-term risk to FY26 revenue is low.",AR 2024-25 (INTEGRATED_GOVERNANCE),"Lines 5824"
32,Capacity / Plant Utilization,"Rexxam (AC PCB JV): New Chennai facility to be operational by Q4 FY26",Watch,Q4 FY26,Low,"Single facility timeline dependency for AC PCB segment entry; delay pushes out a new revenue stream but overall revenue impact is contained given AC PCB is nascent.",Q2 FY26 Transcript (INVESTOR_ANALYST),"Page 6"
33,Industry vs Company Growth,"By the close of 31 March 2025, Dixon recorded a consolidated revenue of INR 38,880 crores, up from INR 17,713 crores in the same period last year with a growth of 119%.",Positive,FY25,Informational,"Strong revenue growth demonstrates client wallet-share capture and category expansion; however, growth rate alone does not indicate profitability improvement — EBITDA margin concurrently compressed.",AR 2024-25 (INTEGRATED_GOVERNANCE),"Lines 5395–5396"
34,Industry vs Company Growth,"Revenue from mobile phone manufacturing reached ₹INR 28,116 crs, reflecting a robust 208% year-on-year growth.",Positive,FY25,Informational,"208% mobile revenue growth is extraordinary but reflects base-effect dynamics (Padget PLI ramp) more than structural demand improvement; sustainability of this growth rate is in question given Q3 FY26 YoY decline.",AR 2024-25 (INTEGRATED_GOVERNANCE),"Line 17755"
35,Industry vs Company Growth,"Q3 FY26 nine-month revenue: INR 38,991 crores (36% YoY); Q2 FY26 revenue INR 14,858 crores (29% YoY adjusted)",Positive,9M FY26,Informational,"Revenue growth continues at 36% YoY for 9M FY26 — above industry growth but decelerating from 119% FY25 pace; growth rate normalization expected as base effect fades.",Q3 FY26 Financial Results (QUARTERLY_FINANCIAL_REPORT); Q2 FY26 Transcript (INVESTOR_ANALYST),"Results Commentary; Page 1"
36,Operational Intelligence,"EBITDA stood at ₹1,528 crores, 112% growth over the previous fiscal.",Positive,FY25,Informational,"Absolute EBITDA growth of 112% is strong but in context of 119% revenue growth, EBITDA grew marginally slower than revenue — confirming slight margin dilution. No structural improvement in profit quality.",AR 2024-25 (INTEGRATED_GOVERNANCE),"Line 6217"
37,Pricing Strategy / Gross Margin Strategy,"ODM share of Consumer Electronics grew from 34% (FY24) to 56% (FY25) — structural margin improvement lever; 100% ODM in Home Appliances; 92% in Lighting",Positive,FY24–FY25,Informational,"ODM mix shift is the key internal margin lever; from 4% (FY22) to 56% (FY25) in Consumer Electronics — trajectory is strong; Home Appliances 100% ODM explaining 11-12% operating margins as the benchmark.",AR 2024-25 (INTEGRATED_GOVERNANCE),"Page 148"
38,Market Share,"Dixon remains the largest domestic manufacturer of mobile phones with high volume capabilities.",Positive,Q2 FY26,Informational,"Market position strength noted; however, largest domestic manufacturer status is not a moat against Chinese OEM sourcing shifts or Apple/Samsung supplier diversification.",Q2 FY26 Transcript (INVESTOR_ANALYST),"Page 3"
39,Market Share,"8% of the overall Indian market and 48% of the OEM-addressable market in the Direct Cool segment in the first year of refrigerator manufacturing",Positive,FY25,Informational,"Rapid first-year share capture in refrigerators (15+ customers onboarded) validates category expansion model; 48% OEM market share demonstrates strong brand client receptivity to Dixon's contract manufacturing.",AR 2024-25 (INTEGRATED_GOVERNANCE); Q4 FY25 Transcript (INVESTOR_ANALYST),"Line 17945"
40,Market Share,"Telecom segment growing from INR 700 crores to approximately INR 4,800 crores in FY26 — approximately 7x YoY growth; new export order for U.S. microwave radios secured",Positive,FY25–FY26,Informational,"Telecom is Dixon's fastest-growing new segment and a diversification from mobile concentration; export order validates global competitiveness; segment aspiration of ~$1 billion revenue long-term.",Q2 FY26 Transcript (INVESTOR_ANALYST),"Pages 5–6"
41,Gross Margin Strategy,"Working capital negative: Net Working Capital Days = -7 days (Q3 FY26) — clients fund operations",Positive,Q3 FY26,Informational,"Negative working capital is a structural EMS strength — Dixon does not deploy capital to fund operations; however, this can worsen if debtor days rise faster than payable days.",Q3 FY26 Financial Results (QUARTERLY_FINANCIAL_REPORT),"Results Commentary"
42,Gross Margin Strategy,"Home Appliances: Operating margin 11.5% (Q3 FY26) — best margin segment; 100% ODM in Home Appliances vs Mobile 3.5%",Positive,Q3 FY26,Informational,"Home Appliances margin (11.5%) vs Mobile margin (3.5%) confirms ODM model drives 3x+ margin premium; structural benchmark for Dixon's backward integration and ODM ambition.",Q3 FY26 Financial Results (QUARTERLY_FINANCIAL_REPORT),"Segment Data"
43,Cost Structure Strategy,"Other expenses improving from 2.2% (Q3 FY25) to 1.9% (Q3 FY26) of revenue — scale leverage improving",Positive,Q3 FY25–Q3 FY26,Informational,"Other expenses declining as revenue scales — one of the few positive cost trends; indicates fixed-cost leverage is working in SG&A category even as material cost increases.",Q3 FY26 Financial Results (QUARTERLY_FINANCIAL_REPORT),"Expenditure Analysis, Page 10"
44,Localization Strategy,"First export orders secured: Lighting (US and Germany markets); Telecom — microwave radios to U.S. customer; Ismartu already exporting to Africa",Positive,Q2 FY26,Informational,"First export wins validate global quality credentials; however, export revenue remains unquantified as a % of total; management targets 15-20% of revenues from global markets are aspirational at this stage.",Q2 FY26 Transcript (INVESTOR_ANALYST),"Pages 4–6"
45,Market Share,"Washing machine FATL volume: 1.6 million → 2.9 million units (+81% YoY); LED TV: 37% manufactured market share of outsourced market",Positive,FY24–FY25,Informational,"Volume growth in washing machines is strong; LED TV manufactured market share at 37% is a defensible position; both signal category momentum even as TV absolute volumes declined.",AR 2024-25 (INTEGRATED_GOVERNANCE); Q4 FY25 Transcript (INVESTOR_ANALYST),"Line ~12; Segment Data"
46,Operational Intelligence,"Dixon Group operates 24 manufacturing facilities across India with over 31,000+ employees — one of the leading EMS providers in India",Positive,FY25,Informational,"Scale of manufacturing infrastructure is a competitive advantage; however, 24-facility complexity also creates operational coordination, quality control, and management bandwidth challenges.",AR 2024-25 (INTEGRATED_GOVERNANCE),"Lines 4315–4316"
47,Localization Strategy,"As of February 2025, PLI scheme has attracted investments worth ₹10,905 crores and generated ₹7,15,823 crores in production — Padget Electronics is a PLI beneficiary",Positive,FY25,Informational,"PLI ecosystem validation; Padget (Dixon subsidiary) benefits from PLI mobile scheme; however, PLI contributes only ~0.6% of mobile revenues to Dixon directly — benefit is mostly volume pull-through.",AGM 2025 (ANNUAL_GENERAL_MEETING),"AGM Transcript"
48,Operational Intelligence,"ZERO accidents and ZERO Loss Time Injury Frequency Rate in FY25 across 24 manufacturing facilities",Positive,FY25,Informational,"Strong safety record is a prerequisite for global brand client standards (HP, ASUS, Samsung implied); no operational liability from safety incidents in FY25.",AR 2024-25 (INTEGRATED_GOVERNANCE),"Line 9394"
49,Cost Structure Strategy (Sustainability),"Solar-powered infrastructure across all plants; Dow Jones Sustainability Index (DJSI) and SES ESG scores improving; BRSR Core indicators assured from FY25",Positive,FY25,Informational,"ESG credentials are increasingly necessary for global brand client manufacturing relationships; DJSI participation signals governance maturity. Not yet a financial metric driver.",AGM 2025 (ANNUAL_GENERAL_MEETING),"AGM Transcript"
50,Retail Footprint / Manpower,"Great Place to Work certified for 4th consecutive year; 75% of workforce in one southern plant are women; targeting 70% female in northern plants",Positive,FY25,Informational,"Workforce diversity and engagement credentials strengthen talent brand for contractual labor recruitment; however, 4th consecutive GPTW certification contrasts with rising EMS industry attrition noted elsewhere.",AGM 2025 (ANNUAL_GENERAL_MEETING),"AGM Transcript"
51,Market Share,"IT Hardware segment: 481% growth in Q2 FY26; manufacturing for HP, ASUS, Acer; Lenovo order book in pipeline",Positive,Q2 FY26,Informational,"IT Hardware is Dixon's fastest-scaling new category with 481% growth; Chennai facility and Inventec JV (notebooks, servers) adds technology depth; PLI 2.0 and ECMS provide further tailwinds.",Q2 FY26 Transcript (INVESTOR_ANALYST),"Page 5"
52,Contract Manufacturing Strategy,"Aim to be amongst the top 5 global EMS companies in the coming years; 6 active JVs diversifying technology and segment exposure",Positive,FY25–Long Term,Informational,"Aspirational positioning; top-5 global EMS requires sustained revenue scale, margin improvement, and technology capability — all three remain works-in-progress. JV portfolio diversifies execution pathways.",AR 2024-25 (INTEGRATED_GOVERNANCE),"Line ~4218"
